Abbeville
Abbeville County
Abbottstown
Aberdeen
Aberfoyle
Abernant
Abilene
Abingdon
Abington
Abiquiú
Acadia Parish
Acalanes Ridge
Acampo
Accident
Accomac
Accomack County
Acidalia
Ackerman
Ackworth
Acme
Acton
Acworth
Ada
Ada County
Adair County
Adams County
Adamstown
Addison
Addison County
Adel
Adelanto
Adelphi
Adin
Admire
Adrian
Afton
Agawam
Agenda
Agoura Hills
Agua Dulce
Aguanga
Ahwahnee
Aiea
Aiken
Aiken County
Ainsworth
Airey
Airport
Aitkin
Aitkin County
Ajax
AK
Aka
Akaska
Akers
Akron
Alabama
Alachua
Alachua County
Alamance
Alamance County
Alameda
Alameda County
Alamo
Alamogordo
Alamosa
Alamosa County
Alaska
Albany
Albany County
Albemarle
Albemarle County
Albert
Albert Lea
Alberton
Albion
Albuquerque
Alcatraz
Alcona
Alcona County
Alcorn County
Alderpoint
Alderson
Alert
Aleutians East Borough
Alexander
Alexander County
Alexandria
Alfalfa
Alfalfa County
Alfred
Alger County
Algona
Alhambra
Alhambra Valley
Alice
Aline
Aliso Viejo
Allamakee County
Allegan
Allegan County
Allegany
Allegany County
Alleghany
Alleghany County
Allegheny County
Allen County
Allen Parish
Allendale
Allendale County
Allensworth
Allentown
Allerton
Alliance
Allison
Alma
Almanor
Almond
Alondra Park
Alpaugh
Alpena
Alpena County
Alpha
Alpharetta
Alpine
Alpine County
Alpine Village
Alsop
Alston
Alta
Alta California
Alta Sierra
Altadena
Altamont
Altenburg
Alto
Alton
Altoona
Alturas
Altus
Alum Rock
Alva
Amador City
Amador County
Amarillo
Amazonia
Amberley
Amble
Ambrose
Amelia County
Amelia Courthouse
Amelia Island
Amenia
American Canyon
American Falls
Americus
Amery
Amesti
Amherst
Amherst County
Amidon
Amite
Amite City
Amite County
Ammon
Ana
Anaconda
Anadarko
Anaheim
Anahuac
Anamoose
Anamosa
Anchor Bay
Anchorage
Ancram
Andalusia
Anderson
Anderson County
Anderson Springs
Andover
Andrew
Andrew County
Andrews
Andrews County
Androscoggin County
Aneta
Aneth
Angelina County
Angels Camp
Angleton
Angola
Angwin
Anmoore
Ann Arbor
Anna
Annandale
Annapolis
Anne Arundel County
Anniston
Annona
Anoka
Anoka County
Anson
Anson County
Antelope
Antelope County
Anthony
Antigo
Antioch
Antler
Antlers
Antrim County
Anza
Apache
Apache County
Appalachia
Appanoose County
Apple Valley
Appleby
Appleton
Appling
Appling County
Appomattox
Appomattox County
Aptos
Aptos Hills-Larkin Valley
Aquilla
Aransas County
Arapaho
Arapahoe County
Ararat
Arbuckle
Arcadia
Arcata
Archer City
Archer County
Archuleta County
Arco
Ardath
Arden
Arden-Arcade
Ardoch
Ardsley
Arecibo
Arenac County
Argos
Ari
Arion
Arizona
Arkansas
Arkansas City
Arkansas County
Arleta
Arley
Arlington
Armada
Armathwaite
Armona
Armour
Armstrong County
Arnegard
Arnett
Arnold
Aromas
Aroostook County
Arrochar
Arrow
Arroyo Grande
Artesia
Arthur
Arthur County
Artois
Arvin
Asbury Park
Ascension Parish
Ash Flat
Ashburn
Ashburton
Ashcroft
Ashdown
Ashe County
Asher
Asheville
Ashfield
Ashland
Ashland City
Ashland County
Ashley
Ashley County
Ashtabula County
Ashton
Ashville
Asotin
Asotin County
Aspen
Aspen Hill
Aspen Springs
Aspermont
Assumption Parish
Astoria
Atascadero
Atascosa
Atascosa County
Atchison
Atchison County
Athelstan
Athens
Athens County
Atherton
Athlone
Athol
Atkinson County
Atlanta
Atlantic
Atlantic City
Atlantic County
Atoka
Atoka County
Attala
Attala County
Attleboro
Atwater
Atwood
Auberry
Auburn
Auburn Lake Trails
Auburndale
Audrain County
Audubon
Audubon County
Auglaize County
August
Augusta
Augusta County
Auke
Aurora
Aurora County
Austin
Austin County
Autauga County
Autauga Creek
Auto
Ava
Avalon
Avenal
Avery
Avery County
Avila Beach
Avocado Heights
Avon
Avondale
Avoyelles Parish
Ayden
Ayr
Azalia
Aztec
Azusa
Baca County
Bacon County
Baghdad by the Bay
Bagley
Bailey
Bailey County
Bainbridge
Baird
Baker
Baker City
Baker County
Bakersfield
Bakersville
Baldwin
Baldwin County
Baldwin Park
Baldwyn
Balfour
Ballard
Ballard County
Ballico
Ballina
Ballinger
Balloch
Ballston
Ballston Spa
Ballville
Balta
Baltic
Baltimore
Baltimore County
Bamberg
Bamberg County
Bancroft
Bandera
Bandera County
Bandon
Bangor
Banks County
Banner County
Banning
Bannock County
Bantry
Banyard
Baraboo
Baraga
Baraga County
Barber County
Barbour County
Barbourville
Barcelona
Bardstown
Bardwell
Baring
Barling
Barnardsville
Barnes County
Barnesville
Barney
Barnhill
Barnstable
Barnstable County
Barnwell
Barnwell County
Barren County
Barrington
Barron
Barron County
Barrow
Barrow County
Barry County
Barstow
Bartholomew County
Bartlett
Barton
Barton County
Bartow
Bartow County
Barview
Basalt
Basford
Basin
Bass Lake
Bassett
Bastrop
Bastrop County
Batavia
Bates County
Batesburg
Batesburg-Leesville
Batesville
Bath
Bath County
Baton Rouge
Battle Ground
Battle Mountain
Baudette
Baxley
Baxter County
Bay City
Bay County
Bay Minette
Bay Point
Bayard
Bayboro
Bayfield
Bayfield County
Baylor
Baylor County
Bayonne
Bayswater
Bayview
Bde Maka Ska
Beach
Beacon
Beacon Hill
Beadle County
Beal
Beale Air Force Base
Bear Creek
Bear Lake County
Bear Valley
Bear Valley Springs
Beatrice
Beatty
Beaufort
Beaufort County
Beaumont
Beauregard Parish
Beaver
Beaver City
Beaver County
Beaverdam
Beaverhead County
Beaverton
Becker
Becker County
Beckham County
Beckley
Beckwourth
Bedford
Bedford County
Bee County
Beech Grove
Beeville
Bel Air
Belden
Belen
Belfast
Belford
Belknap
Belknap County
Bell
Bell Canyon
Bell County
Bell Gardens
Bella Vista
Bellaire
Belle Fourche
Bellefontaine
Bellefonte
Belleville
Bellevue
Bellflower
Bellingham
Bellmawr
Bells
Bellville
Bellwood
Belmont
Belmont County
Beloit
Belshaw
Belt
Belton
Beltrami
Beltrami County
Belvedere
Belwood
Belzoni
Bem
Bemidji
Ben Hill County
Ben Lomond
Benbow
Bend
Benedict
Benewah County
Benicia
Benito
Benjamin
Benkelman
Bennett County
Bennett Springs
Bennettsville
Bennington
Bennington County
Benson
Benson County
Bent County
Bentley
Benton
Benton County
Benzie County
Beresford
Bergen
Bergen County
Berkeley
Berkeley County
Berks County
Berkshire County
Berlin
Berlin Heights
Bermuda Dunes
Bernalillo
Bernalillo County
Bernardsville
Berrien County
Berry Creek
Berryville
Berthold
Bertie County
Bertsch-Oceanview
Berwick
Berwyn
Bessemer
Bessie
Bethel
Bethel Island
Bethesda
Bethpage
Beulah
Beverly Hills
Bexar County
Bibb County
Bible Belt
Biddeford
Bieber
Bienville
Bienville Parish
Big Bear City
Big Bear Lake
Big Bend
Big Creek
Big Horn County
Big Lagoon
Big Lake
Big Pine
Big Rapids
Big River
Big Stone County
Big Thicket
Big Timber
Bigelow
Biggs
Billings
Billings County
Biloxi
Binford
Bingham
Bingham County
Binghamton
Biola
Birchwood
Birdwood
Birmingham
Bisbee
Bishop
Bismarck
Bison
Black Hawk County
Black Point-Green Point
Blackburn
Blackfoot
Blackford
Blackford County
Blackhawk
Blacklake
Blackrock
Blackshear
Blackwell
Bladen
Bladen County
Blaine County
Blair
Blair County
Blairsden
Blakely
Blanchard
Blanco
Blanco County
Bland
Bland County
Blandtown
Bleckley County
Bledsoe County
Blenheim
Bliss
Bloomfield
Bloomington
Bloomsburg
Blossom
Blount
Blount County
Blountsville
Blountville
Bloxom
Blue Diamond
Blue Earth
Blue Earth County
Blue Earth River
Blue Hill
Blue Lake
Blue Mountains
Blue Ridge
Bluefield
Bluewater
Blum
Blythe
Blytheville
Boca
Boca Chica
Boca Raton
Bock
Bode
Bodega
Bodega Bay
Bodfish
Boerne
Bogue
Bogue Chitto
Boise
Boise City
Boise County
Boles
Boles Acres
Bolinas
Bolingbroke
Bolivar
Bolivar County
Bolivia
Bollinger County
Bolton
Bombay Beach
Bon Homme County
Bonadelle Ranchos-Madera Ranchos
Bonanza
Bond County
Bonham
Bonifay
Bonita
Bonner County
Bonners Ferry
Bonneville County
Bonny Doon
Bonsall
Book of Mormon Belt
Boone
Boone County
Booneville
Boonville
Bootjack
Borden County
Boron
Boronda
Borrego Springs
Borth
Boscawen
Bosque County
Bossier Parish
Boston
Bostonia
Bosworth
Botetourt County
Bothwell
Bottineau
Bottineau County
Boulder
Boulder City
Boulder County
Boulder Creek
Boulevard
Boundary County
Bourbon
Bourbon County
Bourne
Bovey
Bowbells
Bowers
Bowie
Bowie County
Bowles
Bowling
Bowling Green
Bowman
Bowman County
Box Butte County
Box Elder County
Boxford
Boxley
Boyd County
Boydton
Boyes Hot Springs
Boyle County
Bozeman
Bracken County
Brackettville
Bradbury
Braddock
Bradenton
Bradford
Bradford County
Bradley
Bradley County
Brady
Brainerd
Braintree
Braithwaite
Branch
Branch County
Brandenburg
Brandon
Branford
Bransford
Brant
Brantley County
Brantville
Brawley
Braxton County
Braymer
Brazeau
Brazil
Brazoria
Brazoria County
Brazos County
Brea
Breathitt County
Breckenridge
Breckinridge County
Breda
Bremer County
Brentwood
Bret Harte
Bretton Woods
Brevard
Brevard County
Brewer
Brewster
Brewster County
Brewton
Briarcliff Manor
Brice
Bricktown
Bridgeport
Bridgeton
Bridgetown
Briers
Brigham
Brighton
Brighton Park
Brightside
Brimson
Brinklow
Brisbane
Briscoe County
Bristol
Bristol Bay Borough
Bristol County
Britt
Britton
Broadland
Broadmoor
Broadus
Broadwater County
Broadway
Brock
Brocket
Brockman
Brockton
Brocton
Bronson
Bronx
Brookdale
Brooke County
Brookhaven
Brookings
Brookings County
Brookline
Brooklyn
Brooks
Brooks County
Brooksville
Brooktrails
Brookwood
Broome County
Broomfield
Broward County
Brown
Brown County
Brownfield
Brownstown
Brownsville
Brownton
Browntown
Broxton
Brule
Brule County
Bruno
Brunswick
Brunswick County
Bryan
Bryan County
Bryson City
Buchanan
Buchanan County
Buck Meadows
Buckhannon
Buckhorn
Buckingham
Buckingham County
Bucknell
Bucks County
Bucks Lake
Bucyrus
Buda
Buellton
Buena Park
Buena Vista
Buena Vista County
Buffalo
Buffalo County
Buhl
Bullitt County
Bulloch County
Bullock
Bullock County
Buncombe
Buncombe County
Bunker Hill
Bunkerville
Bunn
Bunnell
Burbank
Bureau County
Burgaw
Burgoon
Burien
Burke
Burke County
Burleigh County
Burleson
Burleson County
Burley
Burlingame
Burlingham
Burlington
Burlington County
Burnet
Burnet County
Burnett County
Burney
Burns
Burnsville
Burnt Ranch
Burr Oak
Burrillville
Burrows
Burt
Burt County
Burton
Burwell
Busco
Bushnell
Butler
Butler County
Butte
Butte County
Butte Creek Canyon
Butte Falls
Butte Meadows
Butte Valley
Butters
Buttonwillow
Butts
Butts County
Byrdstown
Byron
Bystrom
C-Road
CA
Cabarrus County
Cabazon
Cabbage Town
Cabbagetown
Cabell County
Cache County
Cactus
Caddo
Caddo County
Caddo Parish
Cadillac
Cadiz
Cairo
Cal-Nev-Ari
Calabasas
Calais
Calaveras
Calaveras County
Calcasieu
Calcasieu Parish
Caldwell
Caldwell County
Caldwell Parish
Caledonia
Caledonia County
Calexico
Calhoun
Calhoun County
Caliente
California
California City
California Hot Springs
California Pines
Calimesa
Calipatria
Calistoga
Callahan County
Callaway County
Callender
Calloway County
Calpella
Calpine
Calumet County
Calvert
Calvert County
Calverton
Calwa
Camanche North Shore
Camanche Village
Camarillo
Camas
Camas County
Cambria
Cambria County
Cambrian Park
Cambridge
Camden
Camden County
Camdenton
Cameron
Cameron County
Cameron Parish
Cameron Park
Camilla
Camino
Camino Tassajara
Camm
Camp County
Camp Douglas
Camp Hill
Camp Nelson
Camp Pendleton North
Camp Pendleton South
Campbell
Campbell County
Campo
Campton
Camptonville
Canaan
Canadian
Canadian County
Canandaigua
Canarsie
Canby
Candia
Candler County
Cando
Canning
Cannon County
Canoga Park
Canterbury
Canton
Cantua Creek
Canute
Canyon
Canyon County
Canyon Lake
Canyondam
Cap Hill
Capac
Cape Canaveral
Cape Cod and the Islands
Cape Girardeau
Cape Girardeau County
Cape May
Cape May County
Cape May Court House
Capitol Hill
Capitola
Carbon County
Carbondale
Cardiff
Cardington
Cardy
Caribou
Caribou County
Carlin
Carlinville
Carlisle
Carlisle County
Carlsbad
Carlton
Carlton County
Carlyle
Carmel
Carmel Valley Village
Carmel-by-the-Sea
Carmen
Carmet
Carmichael
Carnelian Bay
Caro
Carolina
Caroline County
Carpinteria
Carpio
Carr
Carrboro
Carrick
Carrie
Carrington
Carrizo Springs
Carrizozo
Carroll
Carroll County
Carrollton
Carson
Carson City
Carson County
Cartago
Carter County
Carter Springs
Carteret County
Cartersville
Carthage
Cartwright
Caruthers
Caruthersville
Carver County
Casa
Casa Conejo
Casa de Oro-Mount Helix
Cascade
Cascade County
Casey County
Cashmere
Casmalia
Caspar
Casper
Cass County
Cassel
Cassia County
Cassian
Cassville
Castaic
Castana
Castle Dale
Castle Hill
Castle Point
Castleton
Castor
Castro County
Castro Valley
Castroville
Caswell County
Catahoula Parish
Catalina
Catawba County
Catesby
Cathay
Cathcart
Cathedral City
Catheys Valley
Cathlamet
Catlett
Catlettsburg
Cato
Caton
Catoosa
Catoosa County
Catron County
Cattaraugus
Cattaraugus County
Cavalier
Cavalier County
Cave Junction
Cayce
Cayucos
Cayuga
Cayuga County
Cazadero
Cazenovia
Cecil County
Cecilton
Cedar County
Cedar Point
Cedar Rapids
Cedar Ridge
Cedar Slope
Cedarville
Celeste
Celina
Cement
Centennial
Center
Center City
Centerville
Central City
Central Point
Centralia
Centre
Centre County
Centreville
Ceredo
Ceres
Cerritos
Cerro Gordo
Cerro Gordo County
Chadron
Chadwick
Chaffee County
Chalfant
Chalfont
Challenge-Brownsville
Challis
Chalmette
Chamberlain
Chambers
Chambers County
Champaign
Champaign County
Champion
Chandler
Channel Islands Beach
Channing
Chapel Hill
Chappaqua
Chappaquiddick Island
Chappell
Chardon
Chariton
Chariton County
Charles City
Charles City County
Charles County
Charles Mix County
Charleston
Charleston County
Charlestown
Charlevoix
Charlevoix County
Charlotte
Charlotte County
Charlotte Court House
Charlottesville
Charlton County
Charter Oak
Chase
Chase County
Chaska
Chatham
Chatham County
Chatsworth
Chattahoochee
Chattahoochee County
Chattanooga
Chattooga County
Chautauqua County
Chaves County
Chavez Ravine
Cheatham County
Cheboygan
Cheboygan County
Chehalis
Chelan
Chelan County
Chemung
Chemung County
Chena
Chenango
Chenango County
Cheriton
Cherokee
Cherokee County
Cherokee Strip
Cherokee Village
Cherry County
Cherry Valley
Cherryland
Chesapeake
Chesapeake Bay
Cheshire County
Chester
Chester County
Chesterfield
Chesterfield County
Chesterfield Court House
Chesterton
Cheyenne
Cheyenne County
Cheyenne Wells
Chicago
Chickasaw
Chickasaw County
Chickasha
Chicken
Chico
Chicot
Chicot County
Chilcoot-Vinton
Childress
Childress County
Chili
Chillicothe
Chiloquin
Chilton
Chilton County
China
China Lake Acres
Chincoteague
Chinese Camp
Chino
Chino Hills
Chinook
Chippewa County
Chippewa Falls
Chisago County
Chittenden
Chittenden County
Chitwood
Choctaw
Choctaw Corner
Choctaw County
Choctaw Lake
Choteau
Chouteau
Chouteau County
Chowan County
Chowchilla
Christian County
Christine
Chualar
Chugwater
Chula Vista
Churchill
Churchill County
Churubusco
Cibola
Cibola County
Cimarron
Cimarron County
Cincinnati
Cinder
Circle
Circleville
Citrus
Citrus County
Citrus Heights
City Park
Clackamas County
Claiborne County
Claiborne Parish
Clallam County
Clanton
Clara
Clare County
Claremont
Claremore
Clarendon
Clarendon County
Clarinda
Clarion
Clarion County
Clark
Clark County
Clarke County
Clarkesville
Clarksburg
Clarksdale
Clarkston
Clarksville
Clatsop County
Claude
Clawson
Claxton
Clay
Clay County
Clayton
Clayton County
Clayton's
Claytonville
Clear Creek
Clear Creek County
Clear Lake
Clearfield
Clearfield County
Clearlake
Clearlake Oaks
Clearlake Riviera
Clearwater
Clearwater County
Cleburne
Cleburne County
Cleghorn
Clemson
Cleone
Clermont
Clermont County
Cleveland
Cleveland County
Clever
Cliff
Clifton
Clinch County
Clinton
Clinton County
Clintwood
Clio
Clipper Mills
Clive
Cloud County
Clover
Cloverdale
Clovis
Clute
Clyde
CO
Coachella
Coahoma
Coahoma County
Coal County
Coalgate
Coalinga
Coalport
Coalville
Coarsegold
Coates
Cobalt
Cobb
Cobb County
Cobham
Cochise County
Cochran
Cochran County
Cochrane
Cocke County
Cocoa
Cocoa Beach
Coconino County
Codington County
Cody
Coe
Coeur d'Alene
Coffee County
Coffee Creek
Coffeeville
Coffey
Coffey County
Cohasset
Cohoes
Coin
Coke County
Colbert
Colbert County
Colby
Cold Spring
Cold Springs
Coldspring
Coldwater
Cole County
Coleen
Coleman
Coleman County
Coles County
Coleville
Colfax
Colfax County
College City
Colleton County
Colleyville
Collier County
Collierville
Collin County
Collingsworth County
Collins
Colma
Colo
Cologne
Coloma
Colome
Colonie
Colorado
Colorado City
Colorado County
Colorado Springs
Colquitt
Colquitt County
Colton
Columbia
Columbia City
Columbia County
Columbiana
Columbiana County
Columbine
Columbus
Columbus County
Colusa
Colusa County
Colville
Colwich
Comal County
Comanche
Comanche County
Commerce
Comptche
Compton
Concho
Concho County
Concord
Concordia
Concordia Parish
Concow
Conde
Condon
Conecuh
Conecuh County
Conejos
Conejos County
Conestee
Coney Island
Congaree
Congress
Conifer
Coniston
Connecticut
Conquest
Conrad
Constable
Contra Costa
Contra Costa Centre
Contra Costa County
Convent
Converse County
Convoy
Conway
Conway County
Conyers
Cook
Cook County
Cooke County
Cookstown
Coolidge
Cooper
Cooper County
Cooperstown
Coos Bay
Coos County
Coosa
Coosa County
Copeland
Copenhagen
Copiah County
Coplay
Copperopolis
Coquille
Corcoran
Cordele
Corinne
Corinth
Corn
Corning
Cornish
Cornwall
Corona
Coronado
Coronita
Corpus Christi
Corralitos
Corsicana
Corson County
Corte Madera
Cortez
Cortland
Cortland County
Corton
Corunna
Corydon
Coryell County
Cosby
Coshocton
Coshocton County
Cosmos
Costa Mesa
Costilla County
Cotati
Coto de Caza
Cottle County
Cotton County
Cottonwood
Cottonwood County
Cottonwood Falls
Cotulla
Coudersport
Coulterville
Council
Council Bluffs
Council Grove
country club
Country Club
Coupeville
Coupland
Courtland
Coushatta
Cove
Covelo
Covina
Covington
Covington County
Cowan
Cowden
Coweta
Coweta County
Cowgill
Cowley
Cowley County
Cowlitz County
Coxsackie
Coyle
Craig
Craig County
Craighead County
Craigmont
Crandon
Crane
Crane County
Cranford
Cranston
Craven County
Crawford County
Crawfordville
Creek County
Creighton
Crenshaw
Crenshaw County
Crescent City
Crescent Mills
Crescent Springs
Crescent Valley
Cressey
Crest
Crestline
Crestmore Heights
Creston
Crestview
Creswell
Crewe
Crider
Cripple Creek
Crisp County
Crittenden County
Crockett
Crockett County
Crofton
Cromberg
Cromwell
Crook
Crook County
Crookston
Crookton
Croom
Crosby
Crosby County
Crosbyton
Cross City
Cross County
Crosskeys
Croton
Crouch
Crow Agency
Crow Point
Crow Wing County
Crowder
Crowell
Crowley
Crowley County
Crowley Lake
Crows Landing
Croxton
Crump
Crystal
Crystal Bay
Crystal City
Crystal Falls
Cuba
Cudahy
Cuero
Culberson County
Cullman
Cullman County
Culpeper
Culpeper County
Culver City
Cumberland
Cumberland County
Cuming County
Cumming
Cumnock
Cupa
Cupertino
Currie
Currituck
Currituck County
Curry
Curry County
Cusseta
Custer
Custer County
Cut Bank
Cutler
Cutten
Cuyahoga County
Cuyama
Cygnet
Cypress
Czar
Dacula
Dade City
Dade County
Dadeville
Daggett County
Dahlonega
Daingerfield
Dakota City
Dakota County
Dale County
Dalhart
Dalkeith
Dall
Dallam County
Dallas
Dallas County
Dalton
Daly City
Dana
Dana Point
Danbury
Danby
Dandridge
Dane County
Daniel
Daniels County
Dannebrog
Danube
Danvers
Danville
Daphnedale Park
Dardanelle
Darien
Darke County
Darlington
Darlington County
Darnall
Dartmouth
Darwin
Dassel
Datto
Dauphin
Dauphin County
Davenport
Davidson County
Davie County
Daviess County
Davis
Davis County
Davison County
Dawes County
Dawson
Dawson County
Dawsonville
Day County
Day Valley
Dayton
Daytona Beach
De Baca County
De Kalb
De Smet
De Witt
Dead Negro Draw
Dead River
Deadwood
Deaf Smith County
Dearborn
Dearborn County
Dearborn Heights
Death Valley
Decatur
Decatur County
Decorah
Dedham
Deer Lodge
Deer Lodge County
Deer Park
Deerfield
Deerfield Beach
Deering
Deerpark
Defiance
Defiance County
DeFuniak Springs
DeKalb County
Del Aire
Del Mar
Del Monte Forest
Del Norte
Del Norte County
Del Rey
Del Rey Oaks
Del Rio
DeLand
Delano
Delaware
Delaware County
Delbridge
Delft Colony
Delhi
Delia
Dell
Delleker
Delmarva
Delmont
Delphi
Delphos
Delta
Delta County
Deming
Denair
Denby
Denio
Denison
Dent County
Denton
Denton County
Denver
Derby
Derby Acres
DeRidder
Deronda
Derry
Derwent
Des Arc
Des Moines
Des Moines County
Descanso
Deschutes
Deschutes County
Desert Center
Desert Edge
Desert Hot Springs
Desert Palms
Desert Shores
Desert View Highlands
Desha County
DeSoto
DeSoto County
DeSoto Parish
Destin
Detroit
Detroit Lakes
Deuel County
DeValls Bluff
Devils Lake
Devil's Staircase
Devon
Devore
Dewey County
DeWitt
DeWitt County
Diablo
Diablo Grande
Diagonal
Diamond Bar
Diamond Springs
Diaz
Dickens
Dickens County
Dickenson County
Dickey
Dickey County
Dickinson
Dickinson County
Dickson
Dickson County
Diggins
Dighton
Dillon
Dillon Beach
Dillon County
Dimmit County
Dimmitt
Dimock
Dinuba
Dinwiddie
Dinwiddie County
Discovery Bay
Ditmars
Divide County
Dixfield
Dixie County
Dixon
Dixon County
Dixon Lane-Meadow Creek
Dobbins
Dobson
Doddridge
Doddridge County
Dodge
Dodge City
Dodge County
Dodgeville
Dogtown
Doland
Dollar
Dollar Point
Dolores County
Doña Ana County
Donaldsonville
Donalsonville
Doniphan
Doniphan County
Donley County
Donnelly
Dooly County
Door County
Dorchester
Dorchester County
Dorrington
Dorris
Dorton
Dos Palos
Dos Palos Y
Doswell
Dothan
Double Spring
Double Springs
Dougherty County
Douglas
Douglas City
Douglas County
Dove Creek
Dover
Dover-Foxcroft
Dowling
Downey
Downieville
Downing
Downingtown
Dows
Doyle
Doylestown
Dracut
Drake
Drammen
Draper
Dresden
Drew
Drew County
Driggs
Drummond
Drury
Dry Tortugas
Dry Valley
Dryden
Drytown
Duarte
Dublin
Dubois
Dubois County
Dubuque
Dubuque County
Duchesne
Duchesne County
Duck
Ducor
Duff
Duffield
Duffy
Dukes County
Duluth
Dumas
Dumbarton
Dumfries
Dunbar
Duncan
Dundalk
Dundee
Dundy County
Dungannon
Dungeness
Dunkirk
Dunklin County
Dunlap
Dunleary
Dunn County
Dunnigan
Dunning
Dunsmuir
Dunstable
Dunwoody
Duo
DuPage County
Duplin County
Dupree
Durand
Durango
Durant
Durham
Durham County
Dustin Acres
Dutch Flat
Dutchess County
Duval County
Dwight
Dyer
Dyer County
Dyersburg
Eads
Eagan
Eagar
Eagarville
Eagle
Eagle County
Eagle Pass
Eagle Point
Eagle River
Eagleville
Eakly
Earlimart
Early County
Easley
East Baton Rouge Parish
East Brunswick
East Carroll Parish
East Cut
East Dubuque
East Feliciana Parish
East Fishkill
East Foothills
East Germantown
East Glacier Park
East Greenwich
East Haven
East Hemet
East Los Angeles
East Naples
East Nicolaus
East Oakdale
East Orosi
East Palo Alto
East Pasadena
East Porterville
East Quincy
East Rancho Dominguez
East Richmond Heights
East San Gabriel
East Shore
East Sonora
East Tulare Villa
East Valley
East Whittier
Eastland
Eastland County
Eastman
Easton
Eastvale
Eastville
Eastwood
Eaton
Eaton County
Eau Claire
Eau Claire County
Ebenezer
Ebensburg
Echols County
Eckington
Ector County
Eddy County
Eddyville
Eden
Edenton
Edgar County
Edgard
Edgartown
Edge Hill
Edgecombe County
Edgefield
Edgefield County
Edgehill
Edgeley
Edgerton
Edgewood
Edina
Edinburg
Edison
Edmonds
Edmonson County
Edmonton
Edmore
Edmunds County
Edmundson Acres
Edmundston
Edna
Edwards
Edwards AFB
Edwards County
Edwin
Eek
Effingham
Effingham County
Egan
Egeland
Egremont
El Cajon
El Centro
El Cerrito
El Dorado
El Dorado County
El Dorado Hills
El Granada
El Monte
El Nido
El Paso
El Paso County
El Portal
El Rancho
El Reno
El Rio
El Segundo
El Sobrante
El Tuque
El Verano
Elba
Elbert County
Elberton
Eldorado
Eldridge
Elgin
Elida
Elizabeth
Elizabeth City
Elizabeth Lake
Elizabethtown
Elk County
Elk Creek
Elk Grove
Elk River
Elkader
Elkhart
Elkhart County
Elkhart Lake
Elkhorn
Elko
Elko County
Elkton
Ellaville
Ellendale
Ellensburg
Ellerslie
Ellijay
Elliott
Elliott County
Ellis
Ellis County
Ellisville
Ellsworth
Ellsworth County
Elm
Elma
Elmer
Elmira
Elmo
Elmore County
Elmwood
Eloy
Eltham
Elton
Elverta
Elwood
Ely
Elyria
Emanuel County
Emerado
Emerald City
Emerald Lake Hills
Emerson
Emery
Emery County
Emeryville
Eminence
Emmaus
Emmet
Emmet County
Emmetsburg
Emmett
Emmons County
Emory
Empire
Emporia
Emporium
Emsworth
Encinitas
Encino
Enfield
English
English Lake
Enid
Enosburgh
Ensign
Enterprise
Enumclaw
Eolia
Epping
Erath
Erath County
Erickson
Erie
Erie County
Erin
Eris
Erwin
Escalon
Escambia
Escambia County
Escanaba
Escondido
Esmeralda County
Esmond
Espanola
Española
Esparto
Esperance
Essex
Essex County
Essexville
Estancia
Estherton
Estherville
Estill County
Ethan
Etna
Etowah
Etowah County
Ettrick
Eucalyptus Hills
Euclid
Eufaula
Eugene
Eunice
Eureka
Eureka County
Eustis
Evan
Evangeline Parish
Evans County
Evansburg
Evanston
Evansville
Eve
Everett
Evergreen
Ewell
Exeter
Exira
Exton
Fair Oaks
Fairbank
Fairbanks
Fairbanks Ranch
Fairbury
Fairfax
Fairfax County
Fairfield
Fairfield County
Fairford
Fairmead
Fairmont
Fairplay
Fairview
Faith
Falfurrias
Fall River
Fall River County
Fall River Mills
Fallbrook
Fallis
Fallon
Fallon County
Fallon Station
Fallowfield
Falls
Falls City
Falls County
Falmouth
Falun
Fannin County
Fargo
Faribault
Faribault County
Farmer
Farmersville
Farmerville
Farmington
Farmville
Faro
Farrell
Farrington
Farwell
Faulk County
Faulkner County
Faulkton
Fauquier County
Faxon
Fayette
Fayette County
Fayetteville
Feliciana
Fellows
Felton
Fentress
Fentress County
Fergus County
Fergus Falls
Ferguson
Fermoy
Fernandina Beach
Ferndale
Fernley
Ferris
Ferron
Ferry County
Fertile
Festus
Fetters Hot Springs-Agua Caliente
Fiddletown
Fieldbrook
Fields Landing
Filer
Fillmore
Fillmore County
Fincastle
Findlay
Finger
Finley
Finney County
Firebaugh
First Coast
Firth
Fish Camp
Fish Springs
Fisher
Fisher County
Fisherman's Wharf
Fishkill
Fisk
Fitzgerald
Fitzwilliam
Flagler County
Flagstaff
Flandreau
Flasher
Flatbush
Flathead County
Fleming
Fleming County
Flemingsburg
Flemington
Fletcher
Flint
Flora
Florence
Florence County
Florence-Graham
Floresville
Florida
Florida Keys
Florin
Floris
Floriston
Flournoy
Floyd
Floyd County
Flushing
Fluvanna
Fluvanna County
Foard County
Foggy Bottom
Foley
Folkston
Folsom
Fond du Lac
Fond du Lac County
Fonda
Fontana
Foothill Farms
Foots Creek
Forbes
Forbestown
Ford
Ford City
Ford County
Fordham
Fordyce
Forest
Forest City
Forest County
Forest Meadows
Forest Ranch
Foresthill
Foreston
Forestville
Forgan
Forman
Fornicalia
Forrest City
Forrest County
Forsyth
Forsyth County
Fort Bend County
Fort Benton
Fort Bidwell
Fort Bragg
Fort Calhoun
Fort Collins
Fort Davis
Fort Dick
Fort Irwin
Fort Jones
Fort Lauderdale
Fort Madison
Fort McDermitt
Fort Pierce
Fort Pierre
Fort Scott
Fort Smith
Fort Stockton
Fort Sumner
Fort Valley
Fort Washington
Fort Worth
Fort Wright
Fort Yates
Fort Yukon
Fortescue
Fortuna
Foss
Fossil
Foster
Foster City
Foster County
Fountain
Fountain County
Fountain Inn
Fountain Valley
Four Corners
Fowler
Foxboro
Foxborough
Foxfield
Foxton
Frame
Framingham
Francis
Frankfort
Franklin
Franklin County
Franklin Parish
Franks
Frannie
Frazier Park
Frederica
Frederick
Frederick County
Fredericksburg
Fredonia
Freeborn County
Freedom
Freehold
Freehold Borough
Freeman
Freeport
Freestone
Freestone County
Fremont
Fremont County
French Camp
French Gulch
French Prairie
French Valley
Frenchburg
Fresno
Fresno County
Friant
Friday Harbor
Fries
Frio County
Frontier
Frontier County
Frostburg
Fruitdale
Fruitridge Pocket
Fruitvale
Fulford
Fuller Acres
Fullerton
Fulton
Fulton County
Furnace Creek
Furnas County
Gabbs
Gackle
Gadsden
Gadsden County
Gaffney
Gage
Gage County
Gagetown
Gail
Gaines County
Gainesville
Galatia
Galena
Gale's Lump
Galesburg
Galion
Gallatin
Gallatin County
Gallia County
Gallipolis
Gallitzin
Gallup
Galt
Galveston
Galveston County
Gann Valley
Garberville
Garden Acres
Garden City
Garden County
Garden Farms
Garden Grove
Gardena
Gardnerville
Gardnerville Ranchos
Garey
Garfield County
Garland
Garland County
Garner
Garnet
Garnett
Garo
Garrard County
Garrett County
Garrison
Garvin County
Gary
Garza County
Gas
Gasconade
Gasconade County
Gascoyne
Gasquet
Gaston County
Gastonia
Gate
Gate City
Gates
Gates County
Gatesville
Gaylord
Gaynor
Gays
Gayville
Gazelle
Geary County
Geauga County
Geddes
Gem
Gem County
Genesee County
Geneva
Geneva County
Genoa
Gentry County
George
George County
George West
Georgetown
Georgetown County
Georgia
Gerald
Geraldine
Gerber
Gering
Gerlach
Germanton
Germantown
Gettysburg
Geyserville
Gibbs
Gibson
Gibson County
Gibsonburg
Giddings
Gideon
Gila County
Gilby
Gilchrist County
Gildford
Giles County
Gilford
Gill
Gillespie County
Gillett
Gillette
Gilliam County
Gilmer
Gilmer County
Gilpin County
Gilroy
Giltner
Girard
Glacier County
Glades County
Gladesville
Gladeville
Gladstone
Gladwin
Gladwin County
Glascock County
Glasgow
Glasscock County
Glastonbury
Glen Avon
Glen Ellen
Glen Rose
Glenbrook
Glencoe
Glendale
Glendive
Glendon
Glendora
Glenham
Glenn County
Glenville
Glenwood
Glenwood Springs
Globe
Glocester
Gloucester
Gloucester County
Gloucester Courthouse
Glyndon
Glynn County
Godley
Gogebic County
Golconda
Gold Beach
Gold Hill
Gold Mountain
Gold River
Golden
Golden Hills
Golden Valley
Golden Valley County
Goldendale
Goldenville
Goldfield
Goldthwaite
Goleta
Goliad
Goliad County
Golva
Gonzales
Gonzales County
Goochland
Goochland County
Good
Good Hope
Goodhue
Goodhue County
Gooding
Gooding County
Goodland
Goodrich
Goodsprings
Goodyears Bar
Gordon
Gordon County
Gosford
Goshen
Goshen County
Gosper County
Goss
Govan
Gove City
Gove County
Grace
Grady County
Graeagle
Graf
Grafton
Grafton County
Graham
Graham County
Grainger County
Granada Hills
Granbury
Grand
Grand County
Grand Falls
Grand Forks
Grand Forks County
Grand Haven
Grand Island
Grand Isle County
Grand Junction
Grand Marais
Grand Rapids
Grand Terrace
Grand Traverse County
Granger
Grangeville
Granite
Granite Bay
Granite County
Granite Falls
Granite Hills
Graniteville
Grano
Grant
Grant City
Grant County
Grant Parish
Granton
Grants
Grants Pass
Granville
Granville County
Grapevine
Grasmere
Grass Lake
Grass Valley
Gratiot
Gratiot County
Graton
Gratz
Graves County
Gray
Gray County
Grayling
Grays Harbor County
Grayson
Grayson County
Great Bend
Great Bridge
Great Falls
Great Salt Lake
Greeley
Greeley Center
Greeley County
Greeley Hill
Green Acres
Green Bay
Green County
Green Lake
Green Lake County
Green River
Green Spring
Green Springs
Green Valley
Greenacres
Greenbrier County
Greencastle
Greene County
Greene Springs
Greenfield
Greenhorn
Greenland
Greenlee County
Greensboro
Greensburg
Greensville County
Greenup
Greenup County
Greenview
Greenville
Greenville County
Greenwich
Greenwood
Greenwood County
Greer
Greer County
Greers Ferry
Gregg County
Gregory County
Grenada
Grenada County
Gretna
Gridley
Griffin
Griggs County
Grimes
Grimes County
Griswold
Grit City
Grizzly Flats
Groesbeck
Gross
Groton
Grottoes
Grove Hill
Grove Park
Groveland
Grover Beach
Groveton
Grundy
Grundy Center
Grundy County
Guadalupe
Guadalupe County
Guerneville
Guernsey
Guernsey County
Guildhall
Guilford
Guilford County
Guinda
Gulf County
Gulf of Maine
Gunnison
Gunnison County
Gustine
Guthrie
Guthrie Center
Guthrie County
Guy
Guymon
Guys
GVSD
Gwinnett County
Haakon County
Habersham
Habersham County
Hacienda Heights
Hackensack
Haddington
Hagerstown
Haggard
Hague
Hahira
Hailey
Haines
Haines Borough
Halawa
Hale County
Half Moon Bay
Halfway
Halifax
Halifax County
Hall County
Hallettsville
Hallock
Hallowell
Halma
Hamberg
Hamblen County
Hambleton
Hamburg
Hamer
Hamilton
Hamilton Branch
Hamilton City
Hamilton County
Hamlin
Hamlin County
Hammond
Hampden
Hampden County
Hampshire County
Hampstead
Hampton
Hampton County
Hamtramck
Hancock County
Hand County
Hanford
Hanna
Hannah
Hannibal
Hanover
Hanover County
Hansen
Hansford County
Hanson County
Happy Camp
Harahan
Haralson
Haralson County
Harbison Canyon
Harbor
Hardee County
Hardeman County
Hardin
Hardin County
Harding County
Hardinsburg
Hardwick
Hardy County
Harford County
Harlan
Harlan County
Harlem
Harlowton
Harman
Harmon County
Harnett County
Harney County
Harper County
Harper Woods
Harriman
Harrington
Harris County
Harrisburg
Harrison
Harrison County
Harrisonburg
Harrisville
Hart
Hart County
Hartford
Hartford County
Hartington
Hartland
Hartley
Hartley County
Hartsville
Hartville
Hartwell
Harvey
Harvey County
Haskell
Haskell County
Haslett
Hasley Canyon
Hastings
Hat Creek
Hatfield
Hattiesburg
Hatton
Hauser
Havana
Haverhill
Havre
Havre de Grace
Hawaii
Hawaii County
Hawaiian Gardens
Hawarden
Hawkins County
Haworth
Hawthorne
Hayden
Hayes Center
Hayes County
Hayfield
Hayfork
Haymarket
Hayneville
Hays
Hays County
Haysi
Hayti
Hayward
Haywood County
Hazard
Hazelton
Hazen
Hazlehurst
Healdsburg
Heard County
Hearne
Hearst
Heathsville
Hebbronville
Heber
Heber City
Heber Springs
Hebron
Hecla
Hedley
Heflin
Helena
Helena-West Helena
Helper
Helton
Hemet
Hemphill
Hemphill County
Hempstead
Hempstead County
Henderson
Henderson County
Hendricks County
Hendry County
Henley
Hennepin
Hennepin County
Henrico County
Henrietta
Henry
Henry County
Hephzibah
Heppner
Herald
Hercules
Hereford
Herkimer
Herkimer County
Herlong
Hermann
Hermitage
Hermosa Beach
Hernando
Hernando County
Herrick
Herriman
Hertford
Hertford County
Hesperia
Hess
Hessville
Hettinger
Hettinger County
Heyburn
Hialeah
Hiawassee
Hiawatha
Hickman
Hickman County
Hickory County
Hidalgo County
Hidden Hills
Hidden Meadows
Hidden Valley Lake
High Town
Highbridge
Highgate
Highgrove
Highland
Highland County
Highlands County
Highlands-Baywood Park
Highmore
Hightown
Hiko
Hill City
Hill County
Hillhouse
Hillsboro
Hillsborough
Hillsborough County
Hillsdale
Hillsdale County
Hilmar-Irwin
Hindman
Hinds County
Hinesville
Hingham
Hinkle
Hinsdale
Hinsdale County
Hinton
Hiouchi
Hitchcock County
Hixon
Hobart
Hobbs
Hoboken
Hocking
Hocking County
Hockley
Hockley County
Hodgeman County
Hodgenville
Hoecker
Hohenwald
Hoke County
Holbrook
Holcombe
Holden
Holdenville
Holderness
Holdrege
Holgate
Hollenberg
Holliday
Hollidaysburg
Hollis
Hollister
Holly Hills
Holly Oak
Hollybush
Hollywood
Holmes County
Holt County
Holton
Holtville
Holy Cross
Holy Island
Holyland
Holyoke
Home Garden
Home Gardens
Homeland
Homeland Park
Homer
Homerville
Homestead Valley
Homewood
Homewood Canyon
Honcut
Hondo
Honea Path
Honeyville
Honolulu County
Hood
Hood County
Hood River
Hood River County
Hooker
Hooker County
Hoople
Hope
Hopedale
Hopewell
Hopkins County
Hopkinsville
Hopland
Hornbrook
Hornitos
Horry County
Horsham
Horton
Hoschton
Hot Spring County
Hot Springs
Hot Springs County
Hot Sulphur Springs
Houck
Houghton
Houghton County
Houlton
Houma
House
Houston
Houston County
Howard
Howard County
Howell
Howell County
Hoxie
Hoy
Hoyt
Hubbard
Hubbard County
Hudson
Hudson County
Hudson River
Hudspeth County
Huerfano County
Hughes
Hughes County
Hughson
Hugo
Hugoton
Hull
Humboldt
Humboldt County
Humboldt Hill
Humboldt River Ranch
Humphreys County
Hunt County
Hunter
Hunterdon County
Huntingdon
Huntingdon County
Huntington
Huntington Beach
Huntington County
Huntington Park
Huntingtown
Huntly
Huntsville
Hurley
Hurlock
Huron
Huron County
Hurricane
Hurt
Hustler
Hutchinson
Hutchinson County
Hyampom
Hyde County
Hyde Park
Hyden
Hydesville
Hyrum
Hysham
Iberia
Iberia Parish
Iberville Parish
Ida County
Ida Grove
Idabel
Idaho
Idaho City
Idaho County
Idaho Falls
Ideal
Idiotville
Idlewild
Idyllwild-Pine Cove
Illinois
Imlay
Imperial
Imperial Beach
Imperial County
IMS
Incline Village
Independence
Independence County
Index
Indian Falls
Indian Hills
Indian River
Indian River County
Indian Springs
Indian Wells
Indiana
Indiana County
Indianapolis
Indianola
Indio
Indio Hills
Industry
Inez
Ingersoll
Ingham County
Inglewood
Inglis
Ingram
Inkom
Inkster
Inman
Inside Passage
Interior
Interlaken
International Falls
Inverness
Inyo County
Inyokern
Iona
Ione
Ionia
Ionia County
Iosco County
Iowa
Iowa County
Ipswich
Ira
Iraan
Irby
Iredell
Iredell County
Irene
Irion County
Irma
Iron County
Iron Horse
Iron Mountain
Iron Range
Ironia
Ironton
Ironville
Iroquois County
Irvine
Irving
Irvington
Irwin County
Irwindale
Irwinton
Isabella County
Isanti
Isanti County
Isla Vista
Island County
Isle
Isle of Wight
Isle of Wight County
Isleton
Islip
Issaquah
Issaquena
Issaquena County
Itasca
Itasca County
Itawamba County
Ithaca
Iuka
Iva
Ivanhoe
Ivor
Ivy City
Izard County
Jack County
Jackpot
Jacksboro
Jackson
Jackson County
Jackson Parish
Jacksonville
Jal
Jamaica
James City
James City County
Jamestown
Jamul
Janesville
Jansen
Jarales
Jarratt
Jasper
Jasper County
Jay
Jay County
Jean
Jeff Davis County
Jeffers
Jefferson
Jefferson City
Jefferson County
Jefferson Davis County
Jefferson Davis Parish
Jefferson Parish
Jeffersontown
Jeffersonville
Jena
Jenkins
Jenkins County
Jenner
Jennings
Jennings County
Jerauld County
Jermantown
Jernigan
Jerome
Jerome County
Jerry
Jersey
Jersey City
Jersey County
Jerseyville
Jessamine County
Jet
Jetmore
Jewell
Jewell County
Jewett
Jim Hogg County
Jim Thorpe
Jim Wells County
Jo Daviess County
Johannesburg
Johnson City
Johnson County
Johnson Lane
Johnsonville
Johnston
Johnston County
Johnstonville
Johnsville
Joice
Joliet
Joliette
Jolley
Jones County
Jonesboro
Jonesville
Joppa
Jordan
Joseph
Josephine County
Joshua Tree
Jourdanton
Joyner
Juab
Juab County
Jucumba Hot Springs
Jud
Judith Basin County
Julesburg
Juliaetta
Julian
Junction
Junction City
June Lake
Juneau
Juneau County
Juniata County
Junior
Jurupa Valley
K Street
Kahului
Kalamazoo
Kalamazoo County
Kalawao
Kalawao County
Kalispell
Kalkaska
Kalkaska County
Kamas
Kamiah
Kanab
Kanabec County
Kanawha
Kanawha County
Kandiyohi
Kandiyohi County
Kane County
Kankakee
Kankakee County
Kannapolis
Kansas
Kansas City
Kansas River
Karlsruhe
Karnack
Karnes City
Karnes County
Kathleen
Kathryn
Katy
Kauai County
Kaufman
Kaufman County
Kay County
Kearney
Kearney County
Kechi
Keddie
Keeler
Keene
Keith County
Kelley
Kelleys Island
Kelleytown
Kellogg
Kelly Ridge
Kelsey
Kelseyville
Kelso
Kemmerer
Kemp
Kemper
Kemper County
Kenai
Kenai Peninsula Borough
Kenansville
Kendall County
Kendrick
Kenedy
Kenedy County
Kenmare
Kenna
Kennard
Kennebec
Kennebec County
Kennedy
Kennedy Meadows
Kenner
Kennett
Kennewick
Kenosha
Kenosha County
Kenova
Kensington
Kent
Kent County
Kentfield
Kenton
Kenton County
Kentucky
Kenwood
Keokuk
Keokuk County
Keosauqua
Kerby
Kerens
Kerman
Kermit
Kern
Kern County
Kernville
Kerr County
Kerrville
Kershaw County
Keshena
Keswick
Kettleman City
Kewanee
Kewaunee
Kewaunee County
Keweenaw County
Key West
Keya Paha County
Keyes
Keyser
Keystone
Keytesville
Kidder
Kidder County
Kief
Kiefer
Kiel
Kihei
Kilgore
Killarney
Killeen
Kilsyth
Kimball
Kimball County
Kimberley
Kimble County
Kimbolton
Kindred
King and Queen County
King and Queen Court House
King City
King County
King George
King George County
King of Prussia
King Salmon
King William
King William County
Kingfield
Kingfisher
Kingfisher County
Kingman
Kingman County
Kings Beach
Kings County
Kings Park
Kingsbridge
Kingsburg
Kingsbury
Kingsbury County
Kingston
Kingstown
Kingstree
Kingsville
Kingsway
Kingvale
Kingwood
Kinney
Kinney County
Kinross
Kinsley
Kinston
Kiowa
Kiowa County
Kipling
Kirby
Kirksville
Kirkwood
Kiron
Kismet
Kissimmee
Kit Carson County
Kitsap County
Kitt
Kittanning
Kittitas
Kittitas County
Kittson County
Kitty Hawk
Kitzmiller
Klamath
Klamath County
Klamath Falls
Kleberg
Kleberg County
Klickitat County
Knights
Knights Landing
Knightsen
Knik
Knott County
Knowles
Knox County
Knoxville
Kodiak
Kokomo
Kona
Koochiching County
Kootenai
Kootenai County
Kosciusko
Kosciusko County
Kossuth
Kossuth County
Kramer
Krebs
Kualapuu
Kuk
Kulm
Kyle
LA
La Cañada Flintridge
La Crescenta-Montrose
La Crosse
La Crosse County
La France
La Grange
La Habra
La Habra Heights
La Honda
La Junta
La Mesa
La Mirada
La Palma
La Paz County
La Plata
La Plata County
La Porte
La Porte City
La Presa
La Puente
La Quinta
La Riviera
La Salle
La Salle County
La Selva Beach
La Tache
La Vergne
La Verne
La Vina
La.
LaBelle
Labette
Labette County
Lac qui Parle County
Lackawanna
Lackawanna County
Lackawaxen
Laclede
Laclede County
Laconia
Ladera
Ladera Heights
Ladera Ranch
Ladysmith
Lafayette
LaFayette
Lafayette County
Lafayette Parish
Lafourche Parish
LaGrange
LaGrange County
Laguna Beach
Laguna Hills
Laguna Niguel
Laguna Woods
Lagunitas-Forest Knolls
Lake
Lake Almanor Country Club
Lake Almanor Peninsula
Lake Almanor West
Lake and Peninsula Borough
Lake Andes
Lake Arrowhead
Lake Balboa
Lake Calhoun
Lake California
Lake Charles
Lake City
Lake County
Lake Davis
Lake Don Pedro
Lake Elsinore
Lake Forest
Lake Hughes
Lake Isabella
Lake Los Angeles
Lake Mathews
Lake Nacimiento
Lake of the Pines
Lake of the Woods
Lake of the Woods County
Lake Riverside
Lake San Marcos
Lake Sherwood
Lake St. Clair
Lake View Terrace
Lake Village
Lake Wildwood
Lakehead
Lakeland
Lakeland Village
Lakeport
Lakeridge
Lakeside
Lakeview
Lakewood
Lakota
Lamar
Lamar County
Lamb County
Lamesa
Lamington
Lamoille
Lamoille County
Lamont
Lamorinda
LaMoure
LaMoure County
Lampasas
Lampasas County
Lanai
Lanare
Lanark
Lancaster
Lancaster County
Landa
Lander
Lander County
Landers
Landis
Landover
Landrum
Lane
Lane County
Lang
Langdon
Langford
Langlade
Langlade County
Langley
Langlois
Langport
Lanier County
Lankershim
Lankin
Lansdowne
L'Anse
Lansford
Lansing
Lapeer
Lapeer County
Laporte
LaPorte County
Lapwai
Laramie
Laramie County
Laredo
Larimer County
Larkfield-Wikiup
Larkspur
Larned
LaRue
LaRue County
Las Animas
Las Animas County
Las Cruces
Las Flores
Las Lomas
Las Vegas
LaSalle
LaSalle County
LaSalle Parish
Lassen County
Latah County
Lathrop
Latimer County
Laton
Latonia
Lauderdale
Lauderdale County
Laughlin
Laurel
Laurel Canyon
Laurel County
Laurens
Laurens County
Laurinburg
Lavaca
Lavaca County
Lawler
Lawn
Lawndale
Lawrence
Lawrence County
Lawrenceburg
Lawrenceville
Lawton
Layton
Laytonville
Le Center
Le Flore
Le Flore County
Le Grand
Le Mars
Le Sueur
Le Sueur County
Lea County
Leadfield
Leake County
Leakey
Leal
Leamington
Leander
Leary
Leavenworth
Leavenworth County
Lebanon
Lebanon County
Lebec
Lebo
Lee
Lee County
Lee Vining
Leeds
Leelanau County
Leesburg
Leesville
LeFlore
Leflore County
Leggett
Lehi
Lehigh County
Lehman Springs
Lehr
Leipsic
Leitchfield
Leith
Leleux
Lemhi
Lemhi County
Leming
Lemmon
Lemmon Valley
Lemon Cove
Lemon Grove
Lemon Hill
Lemoore
Lemoore Station
Lenawee County
Lennox
Lenoir
Lenoir County
Lentner
Lenwood
Leola
Leominster
Leon County
Leona Valley
Leonardtown
Leoti
Leoville
Leroy
Leslie County
Lester
Letcher County
Levan
Levelland
Levy County
Lewes
Lewis
Lewis and Clark County
Lewis County
Lewisburg
Lewiston
Lewistown
Lewisville
Lexington
Lexington County
Lexington Hills
Leyden
Libby
Liberal
Liberty
Liberty City
Liberty County
Licking County
Light
Lignite
Lihue
Likely
Lillington
Lima
Limedale
Limestone County
Lincoln
Lincoln Center
Lincoln County
Lincoln Parish
Lincoln Village
Lincolnton
Linda
Lindbergh
Lindcove
Linden
Lindon
Lindsay
Linn
Linn County
Linnell Camp
Linton
Lionville
Lipscomb
Lipscomb County
Lisbon
Litchfield
Litchfield County
Lithgow
Lithium
Little Falls
Little Grass Valley
Little River
Little River County
Little Rock
Littlefield
Littleport
Littlerock
Littleton
Litton
Live Oak
Live Oak County
Lively
Livermore
Liverpool
Livingston
Livingston County
Livingston Parish
Llano
Llano County
Loa
Loch Leven
Lochiel
Lockeford
Lockhart
Lockington
Lockport
Lockwood
Lodge
Lodi
LoDo
Lodoga
Logan
Logan County
Logan Creek
Logansport
Loleta
Loma Linda
Loma Mar
Loma Rica
Lomita
Lompico
Lompoc
London
Londonderry
Lone Pine
Long Barn
Long Beach
Long Branch
Long County
Long Island
Long Island City
Long Prairie
Longport
Longton
Longtown
Longview
Longville
Longwood
Lonoke
Lonoke County
Lookout
Loomis
Looneyville
Lorain
Lorain County
Lordsburg
Lordstown
Lordville
Loring
Lorton
Los Alamitos
Los Alamos
Los Alamos County
Los Altos
Los Altos Hills
Los Angeles
Los Angeles County
Los Angeles River
Los Banos
Los Berros
Los Gatos
Los Lunas
Los Molinos
Los Olivos
Los Osos
Los Ranchos
Lost Hills
Lost Wages
Loudon
Loudon County
Loudoun County
Louisa
Louisa County
Louisiana
Louisville
Loup City
Loup County
Love
Love County
Loveland
Loveless
Lovelock
Loving
Loving County
Lovingston
Lovington
Low Moor
Lowell
Lower Lake
Lowndes
Lowndes County
Lowry
Lowville
Loxley
Loyal
Loyalton
Loyola
Lubbock
Lubbock County
Lubec
Lucas County
Lucas Valley-Marinwood
Luce County
Lucedale
Lucerne
Lucerne Valley
Ludden
Ludington
Ludowici
Lufkin
Luke
Lumberton
Lumpkin
Lumpkin County
Luna County
Lund
Lunenburg
Lunenburg County
Lupton
Lupus
Luray
Lusk
Luther
Luverne
Luxemburg
Luzerne
Luzerne County
Lycoming County
Lyle
Lyman
Lyman County
Lyme
Lynbrook
Lynchburg
Lyndhurst
Lyndon
Lynn
Lynn County
Lynne
Lynnwood
Lynwood
Lyon County
Lyons
Lytle Creek
Maalaea
Mabie
Macclenny
Macdoel
Machias
Mackinac County
Macomb
Macomb County
Macon
Macon County
Macoupin County
Mad River
Madera
Madera Acres
Madera County
Madison
Madison County
Madison Parish
Madisonville
Madras
Madrid
Magalia
Magdalena
Magnolia
Magoffin County
Mahaska
Mahaska County
Mahnomen
Mahnomen County
Mahoning
Mahoning County
Maine
Major
Major County
Malad City
Malaga
Malden
Malheur County
Malibu
Malin
Mallow
Malone
Malta
Maltby
Malvern
Mammoth Lakes
Manassas
Manatee County
Manchester
Mandan
Mandeville
Manele
Mangum
Manhattan
Manhattan Beach
Manhattanville
Manila
Manistee
Manistee County
Manistique
Manitowoc
Manitowoc County
Mankato
Manning
Manor Park
Mansfield
Manteca
Manteo
Manti
Manton
Mantorville
Many
Maple
Maple Valley
Marathon County
Marble Hill
Marcellus
March Air Reserve Base
Marchwood
Marengo
Marengo County
Marfa
Margate
Marianna
Maricopa
Maricopa County
Maries County
Marietta
Marin City
Marin County
Marina
Marina del Rey
Marinette
Marinette County
Marion
Marion County
Mariposa
Mariposa County
Markland
Markleeville
Marks
Marksville
Marlboro
Marlboro County
Marlin
Marlinton
Marne
Marquette
Marquette County
Marsh Lake
Marshall
Marshall County
Marshfield
Marsland
Martell
Martha's Vineyard
Martin
Martin County
Martinez
Martinsburg
Martinsville
Marvin
Maryland
Marystown
Marysville
Maryton
Marytown
Maryville
Mashpee
Mason
Mason City
Mason County
Massac County
Massachusetts
Mat-Su
Matador
Matagorda County
Matanuska-Susitna Borough
Matheny
Mather
Mathews
Mathews County
Mathias
Mattoon
Maui
Maui County
Mauldin
Maury County
Mauston
Maverick County
Maxwell
Maybee
Mayer
Mayersville
Mayes County
Mayfair
Mayfield
Mayflower Village
Mayo
Mays Landing
Maysville
Mayville
Maywood
McAlester
McAllister
McArthur
McBee
McCaskill
McClain County
McClellan Park
McClenney Tract
McCloud
McClurg
McClusky
McComb
McCone County
McCook
McCook County
McCool
McCool Junction
McCord
McCormick
McCormick County
McCracken County
McCrea
McCreary County
McCulloch County
McCurtain
McCurtain County
McDermitt
McDonald County
McDonough
McDonough County
McDowell
McDowell County
McDuffie County
McFall
McFarland
McGee Creek
McGill
McGrady
McGregor
McGregor Heights
McGrew
McHenry
McHenry County
McIntosh
McIntosh County
McKean County
McKee
McKeever
McKenzie County
McKinley
McKinley County
McKinleyville
McKinney
McKittrick
McKnight
McLean
McLean County
McLellan
McLennan County
McLeod County
McLoud
McLouth
McMinn County
McMinnville
McMullen
McMullen County
McNabb
McNairy
McNairy County
McNaughton
McPherson
McPherson County
McRae-Helena
McSwain
Mead Valley
Meade
Meade County
Meadow
Meadow Valley
Meadow Vista
Meadowbrook
Meadowlands
Meadows
Meagher County
Mecca
Mecklenburg County
Mecosta
Mecosta County
Medford
Media
Medicine Lodge
Medina
Medina County
Medora
Meeker
Meeker County
Meigs
Meigs County
Meiners Oaks
Melba
Melbourne
Mellette
Mellette County
Melrose
Memphis
Mena
Menard
Menard County
Mendenhall
Mendham
Mendocino
Mendocino County
Mendon
Mendota
Menifee
Menifee County
Menlo
Menlo Park
Menno
Menominee
Menominee County
Menomonie
Mentone
Merced
Merced County
Mercer
Mercer County
Meriden
Meridian
Meriwether
Meriwether County
Merlin
Merrick County
Merrill
Merrimack
Merrimack County
Mertzon
Mesa
Mesa County
Mesa Verde
Mesa Vista
Mesquite
Meta
Metcalfe County
Metropolis
Metter
Mettler
Mexican Colony
Mexico
Meyer
Mi-Wuk Village
Miami
Miami County
Miami-Dade County
Michie
Michigan
Micro
Middlebourne
Middleburg
Middlebury
Middlesex County
Middleton
Middleton Junction
Middletown
Midland
Midland County
Midpines
Midville
Midway
Midway City
Mifflin County
Mifflintown
Milaca
Milam County
Milan
Milford
Mill Valley
Millard County
Millbrae
Millbrook
Mille Lacs County
Millen
Miller
Miller County
Millersburg
Mills
Mills County
Millstone
Milltown
Millville
Milnor
Milpitas
Milton
Milwaukee
Milwaukee County
Mina
Minburn
Minco
Minden
Mineola
Miner County
Mineral
Mineral County
Mingo County
Minidoka
Minidoka County
Minkler
Minneapolis
Minnehaha County
Minnesota
Minnewaukan
Minot
Minto
Mio
Mira Loma
Mira Monte
Miranda
Missaukee County
Mission Canyon
Mission Hill
Mission Hills
Mission Viejo
Mississippi
Mississippi County
Missoula
Missoula County
Missouri
Mitchell
Mitchell County
Mix
Moab
Moapa Town
Moapa Valley
Mobile
Mobile County
Mocksville
Modesto
Modoc County
Moenkopi
Moffat County
Mogul
Mohall
Mohave County
Mohawk Vista
Mojave
Mokelumne HIll
Mold
Molokai
Mona
Monahans
Moncks Corner
Monessen
Money
Monhegan
Moniteau County
Monmouth
Monmouth County
Mono
Mono City
Mono County
Mono Vista
Monona
Monona County
Monongalia County
Monowi
Monroe
Monroe County
Monroeville
Monrovia
Monson
Montague
Montague County
Montalvin Manor
Montana
Montara
Montauk
Montcalm
Montcalm County
Montclair
Monte Rio
Monte Sereno
Montebello
Montecito
Montello
Monterey
Monterey County
Monterey Park
Monterey Park Tract
Montesano
Montevideo
Montezuma
Montezuma County
Montgomery
Montgomery County
Montgomery Creek
Monticello
Montmorency County
Montour County
Montpelier
Montreal
Montrose
Montrose County
Montross
Monument Hills
Moody County
Moore County
Moore Haven
Moorefield
Moorhead
Moorpark
Moose River
Moosehead Lake
Mora
Mora County
Morada
Moraga
Moray
Morehead
Morehouse Parish
Moreno Valley
Morgan
Morgan County
Morgan Hill
Morganfield
Morganton
Morgantown
Moriarty
Mormon corridor
Moro
Morongo Valley
Moroni
Morrill County
Morrilton
Morris
Morris County
Morrison
Morrison County
Morriston
Morristown
Morro Bay
Morrow
Morrow County
Morse
Morton
Morton County
Moscow
Moses Lake
Moskowite Corner
Mosquero
Moss Beach
Moss Landing
Motley County
Mott
Moulton
Moultrie
Moultrie County
Mount Ayr
Mount Carmel
Mount Charleston
Mount Clemens
Mount Diablo
Mount Gilead
Mount Gould
Mount Hebron
Mount Hermon
Mount Holly
Mount Katahdin
Mount Laguna
Mount Olivet
Mount Pleasant
Mount Shasta
Mount Tamalpais
Mount Vernon
Mount Victoria
Mount Wilson
Mountain
Mountain Ash
Mountain Center
Mountain Gate
Mountain Home
Mountain House
Mountain Mesa
Mountain Ranch
Mountain View
Mountain View Acres
Mountrail County
Mower County
Muhlenberg County
Muir Beach
Muirkirk
Muleshoe
Mullan
Mullen
Multnomah County
Munising
Murchison
Murdo
Murfreesboro
Murphy
Murphys
Murray
Murray County
Murrieta
Muscatine
Muscatine County
Muscogee
Muscogee County
Muscoy
Muskegon
Muskegon County
Muskingum County
Muskogee
Muskogee County
Musselshell
Musselshell County
Myers Flat
Myrtle Point
Myrtletown
Mystic
Myton
Nacogdoches
Nacogdoches County
Nahunta
Nairn
Naknek
Nance County
Nantucket
Naomi
Napa
Napa County
Naper
Naperville
Napier
Naples
Napoleon
Napoleonville
Narka
Narragansett
Narrows
Nash
Nash County
Nashua
Nashville
Nassau County
Natchez
Natchitoches
Natchitoches Parish
National City
National Park
Natrona
Natrona County
Naubinway
Navajo County
Navarre
Navarro
Navarro County
Nebraska
Nebraska City
Neche
Necker
Needham
Needles
Neligh
Nelson
Nelson County
Nemaha
Nemaha County
Neosho
Neosho County
Nephi
Neptune
Nesbitt
Neshoba County
Nesika Beach
Ness City
Ness County
Nevada
Nevada City
Nevada County
Neville
New Bedford
New Bern
New Boston
New Braunfels
New Brighton
New Britain
New Brunswick
New Carrollton
New Castle
New Castle County
New City
New Cordell
New Cuyama
New Denmark
New England
New Hampshire
New Hanover County
New Harmony
New Haven
New Haven County
New Hope
New Iberia
New Kent
New Kent County
New Leipzig
New London
New Madrid
New Madrid County
New Martinsville
New Mexico
New Orleans
New Philadelphia
New Pine Creek
New Plymouth
New Roads
New Rochelle
New Rockford
New Ross
New York
New York City
Newark
Newaygo
Newaygo County
Newberry
Newberry County
Newbold
Newbury
Newcastle
Newell
Newfane
Newfield
Newington
Newkirk
Newland
Newlyn
Newman
Newnan
Newport
Newport Beach
Newport News
Newton
Newton County
Newton Stewart
Newtown
Nez Perce County
Nezperce
Niagara
Niagara County
Niagara Falls
Nicasio
Nice
Niceville
Nicholas County
Nicholasville
Nicholtown
Nicolaus
Nicollet
Nicollet County
Niihau
Nikolai
Niland
Nind
Niobrara
Niobrara County
Nipinnawasee
Nipomo
Nisbet
Nisland
Nissitissit
Nisswa
Nitro
Nixon
Noank
Nob Hill
Noble County
Nobles
Nobles County
Nodaway
Nodaway County
Noel
Nogales
NoHo
Nokomis
Nolan County
NoLIta
NoMad
Nome
Nonantum
Noonan
Norco
Nord
Norden
Norfolk
Norfolk County
Norge
Norman
Norman County
Norris
Norris Canyon
Norristown
North Andover
North Auburn
North Bay
North Bend
North Berwick
North Brunswick
North Carolina
North Conway
North Dakota
North Edwards
North El Monte
North Fair Oaks
North Gate
North Haverhill
North Highlands
North Hills
North Hollywood
North Kensington
North Lakeport
North Las Vegas
North Monroeville
North Platte
North Pole
North Richmond
North San Juan
North Shore
North Star
North Tustin
North Woods
Northampton
Northampton County
Northgate
Northridge
Northumberland County
Northwest Territory
Northwood
Northwood Hills
Norton
Norton County
Norwalk
Norway
Norwich
Norwood
Nottoway
Nottoway County
Notus
Novato
Novelty
Nowata
Nowata County
Noxubee County
Nubieber
Nuckolls County
Nueces
Nueces County
Nuevo
Numa
Nye County
Oahu
Oak Glen
Oak Hills
Oak Park
Oak Shores
Oak View
Oakdale
Oakes
Oakham
Oakhurst
Oakland
Oakland County
Oakley
Oaktown
Oakville
Oasis
Oberlin
Oberon
Obion
Obion County
O'Brien
O'Brien County
Ocala
Occidental
Ocean County
Oceana
Oceana County
Oceano
Oceanside
Ochiltree County
Ocilla
Ockley
Oconee
Oconee County
Oconto
Oconto County
Ocotillo
Odessa
Oelwein
Ogallala
Ogden
Ogema
Ogemaw County
Oglala Lakota County
Ogle
Ogle County
Oglethorpe
Oglethorpe County
Ohio
Ohio County
Oildale
Ojai
Oka
Okaloosa County
Okanogan
Okanogan County
Okeechobee
Okeechobee County
Okemah
Okfuskee County
Oklahoma
Oklahoma City
Oklahoma County
Okmulgee
Okmulgee County
Oktaha
Oktibbeha County
Olancha
Old Fig Garden
Old Hill
Old Saybrook
Old Station
Oldfield
Oldham County
Olds
Olin
Olivehurst
Oliver
Oliver County
Oliver Springs
Olivet
Olivia
Olmsted
Olmsted County
Olney
Olton
Olympia
Olympic Peninsula
Omaha
Omak
Onawa
Oneida
Oneida County
O'Neill
Oneonta
Onida
Onondaga County
Onslow County
Ontario
Ontario County
Ontonagon
Ontonagon County
Onyx
Opa-locka
Opal
Opelousas
Ophir
Opp
Oraibi
Orange
Orange City
Orange Cove
Orangeburg
Orangeburg County
Orangevale
Orangeville
Orcutt
Ord
Ordway
Orefield
Oregon
Oregon City
Oregon County
Orem
Orestes
Orick
Orient
Orinda
Orion
Oriska
Oriskany
Oriskany Falls
Orland
Orlando
Orleans County
Orleans Parish
Orme
Orofino
Orosi
Orovada
Oroville
Oroville East
Orr
Ortley
Orton
Ortonville
Orwell
Osage
Osage County
Osborne
Osborne County
Oscar
Osceola
Osceola County
Oscoda
Oscoda County
Oshkosh
Osino
Oskaloosa
Oslo
Oso
Osseo
Ossining
Oswego
Oswego County
Otero County
Othello
Oto
Otoe
Otoe County
Otsego
Otsego County
Ottawa
Ottawa County
Otter Tail County
Otto
Ottumwa
Ouachita County
Ouachita Parish
Oulu
Ouray
Ouray County
Outagamie County
Outer Banks
Overton County
Ovid
Oviedo
Owatonna
Owego
Owen
Owen County
Owings
Owingsville
Owsley County
Owyhee
Owyhee County
Oxbow
Oxford
Oxford County
Oxnard
Oyens
Ozark
Ozark County
Ozaukee County
Ozona
Pace
Pacheco
Pacific County
Pacific Grove
Pacifica
Packwood
Pacoima
Paducah
Page
Page County
Pagosa Springs
Pahrump
Paint Rock
Painter
Paisley
Pajaro
Pajaro Dunes
Palermo
Palestine
Palm Beach
Palm Beach County
Palm Desert
Palm Springs
Palmdale
Palmer
Palmersville
Palmyra
Palo
Palo Alto
Palo Alto County
Palo Cedro
Palo Pinto
Palo Pinto County
Palo Verde
Palos Verdes Estates
Pamlico County
Pampa
Pana
Panaca
Panama City
Panguitch
Panhandle
Panola
Panola County
Panorama City
Panorama Heights
Paoli
Papillion
Paradise
Paradise Park
Paradise Valley
Paramount
Paris
Park
Park City
Park County
Park Hall
Park Rapids
Parke County
Parker
Parker County
Parkersburg
Parklawn
Parksdale
Parkside
Parkway
Parkwood
Parlier
Parmer County
Parowan
Parsons
Pasadena
Pasatiempo
Pasco
Pasco County
Paskenta
Paso Robles
Pasquotank County
Passaic
Passaic County
Patagonia
Paterson
Patrick
Patrick County
Patterson
Patterson Tract
Patton Village
Paul
Paulding
Paulding County
Pauls Valley
Pavillion
Paw Paw
Pawhuska
Pawnee
Pawnee City
Pawnee County
Pawtucket
Paxton
Payette
Payette County
Payne County
Paynes Creek
Peach County
Peachtree City
Pearisburg
Pearl River
Pearl River County
Pearsall
Pearson
Pearsonville
Pease
Peck
Pecos
Pecos County
Pedernales
Pedlar
Pedley
Peebles
Pekin
Pell City
Pelzer
Pemberton
Pembina
Pembina County
Pembrey
Pembroke
Pemiscot County
Penarth
Pend Oreille County
Pendennis
Pender
Pender County
Pendleton
Pendleton County
Penelope
Penn Valley
Penn Yan
Penngrove
Pennington
Pennington County
Pennsylvania
Penobscot
Penobscot County
Penryn
Pensacola
Peoria
Peoria County
Pepin County
Perkins County
Perquimans County
Perris
Perry
Perry County
Perryton
Perryville
Pershing County
Person County
Perth
Perth Amboy
Peru
Pescadero
Petaluma
Peterborough
Peters
Petersburg
Petersburg Borough
Petoskey
Petra
Petroleum County
Pettigrew
Pettis County
Phelan
Phelps County
Philadelphia
Philadelphia County
Philip
Philippi
Philipsburg
Phillips
Phillips County
Phillipsburg
Phillipsville
Philmont
Philo
Phoenix
Phoenix Lake
Piatt County
Pickaway County
Pickens
Pickens County
Pickerel
Pickering
Pickett County
Pico Rivera
Piedmont
Pierce
Pierce County
Pierpoint
Pierre
Pierson
Piggott
Pike
Pike County
Pikeville
Pima County
Pinal County
Pine Canyon
Pine City
Pine County
Pine Flat
Pine Grove
Pine Hills
Pine Mountain Club
Pine Mountain Lake
Pine Valley
Pinedale
Pinellas County
Pineville
Pinole
Piñon Hills
Pioche
Pioneer
Pipe
Pipestone
Pipestone County
Piqua
Piru
Piscataquis County
Pisgah
Pismo Beach
Pistol River
Pitkin
Pitkin County
Pitt County
Pittman
Pittsboro
Pittsburg
Pittsburg County
Pittsburgh
Pittsfield
Pittsylvania County
Piute County
Pixley
Placentia
Placer County
Placerville
Plains
Plainview
Plaistow
Planada
Plankinton
Plano
Plaquemine
Plaquemines Parish
Platea
Platte City
Platte County
Plattsburg
Plattsburgh
Plaza
Pleasant Hill
Pleasanton
Pleasants County
Pleasure Point
Plentywood
Plover
Plumas County
Plumas Eureka
Plumas Lake
Plummer
Plumtree
Plush
Plymouth
Plymouth County
Pocahontas
Pocahontas County
Pocatalico
Pocatello
Poconos
Poinsett County
Point Arena
Point Pleasant
Point Reyes Station
Pointe à la Hache
Pointe Coupee Parish
Points
Polk County
Pollock Pines
Polson
Pomeroy
Pomona
Ponca
Pondera County
Ponderosa
Ponsford
Pontiac
Pontotoc
Pontotoc County
Pope County
Poplar-Cotton Center
Poplarville
Poppleton
Port Allen
Port Angeles
Port Canaveral
Port Clarence
Port Clinton
Port Costa
Port Gibson
Port Hueneme
Port Huron
Port Lavaca
Port Orchard
Port Orford
Port Royal
Port Sanilac
Port St. Joe
Port Washington
Portage
Portage County
Portal
Portales
Porter County
Porter Ranch
Porterville
Portland
Portola
Portola Valley
Portsmouth
Posey
Posey County
Poso Park
Post
Poteau
Potomac
Potrero
Pottawatomie County
Pottawattamie County
Pottawattamie Park
Potter County
Potter Valley
Pottsville
Poughkeepsie
Poway
Powder River
Powder River County
Powell
Powell County
Power County
Powers
Poweshiek County
Powhatan
Powhatan County
PR
Prairie County
Pratt
Pratt County
Prattville
Preble
Preble County
Prentiss
Prentiss County
Prescott
Presidio County
Presque Isle
Presque Isle County
Preston
Preston County
Price
Price County
Primghar
Prince Edward County
Prince Frederick
Prince George
Prince George County
Prince George's County
Prince William County
Princess Anne
Princeton
Princeton Junction
Princetown
Princeville
Prineville
Pringle
Proberta
Proctor
Progress
Prospect
Prosser
Providence
Providence County
Provincetown
Provo
Prowers County
Prunedale
Pryor Creek
Puako
Puckett
Pueblo
Pueblo County
Puget
Puget Island
Puget Sound
Pulaski
Pulaski County
Puna
Punta Gorda
Purcell
Purchase
Purdon
Purgitsville
Purley
Purvis
Pushmataha
Pushmataha County
Putnam County
Putney
Puyallup
Quaboag
Quanah
Quantico
Quapaw
Quartz Hill
Quay County
Queen Anne
Queen Anne's County
Queen Charlotte
Queens
Queens County
Queensbury
Queenstown
Queensville
Quemado
Questa
Quincy
Quinn
Quintana
Quinton
Quitman
Quitman County
Qulin
Rabun County
Rachel
Racine
Racine County
Rackerby
Rada
Radcliffe
Radebaugh
Radford
Raeford
Rail Road Flat
Rainbow
Rains County
Raisin City
Raleigh
Raleigh County
Ralls
Ralls County
Ramona
Ramsey County
Rancho Calaveras
Rancho Cordova
Rancho Cucamonga
Rancho Mirage
Rancho Murieta
Rancho Palos Verdes
Rancho San Diego
Rancho Santa Fe
Rancho Santa Margarita
Rancho Tehama Reserve
Randall County
Randleman
Randolph
Randolph County
Rands
Randsburg
Rankin
Rankin County
Ransom County
Rapid City
Rapides Parish
Rappahannock County
Raton
Ravalli
Ravalli County
Ravenna
Ravenswood
Rawlings
Rawlins
Rawlins County
Ray County
Raymond
Raymondville
Raymore
Rayville
Rea
Reading
Readville
Reagan County
Real County
Rector
Red Bluff
Red Corral
Red Cross
Red Lake County
Red Lake Falls
Red Lodge
Red River County
Red River Parish
Red Willow County
Red Willow Creek
Red Wing
Redcrest
Redding
Redfield
Redlands
Redmond
Redondo Beach
Redway
Redwood
Redwood City
Redwood County
Redwood Falls
Redwood Valley
Reed City
Reedley
Reeves County
Refugio
Refugio County
Regan
Regent
Regina
Reid
Reidsville
Reliez Valley
Remington
Renfrew
Reno
Reno County
Rensselaer
Rensselaer County
Renton
Renville
Renville County
Repton
Republic
Republic County
Rescue
Reseda
Reserve
Reston
Reubens
Rexford
Reynolds County
Rhame
Rhea County
Rhineland
Rhinelander
Rhode Island
Rialto
Rice County
Rich County
Richardson
Richardson County
Richfield
Richgrove
Richland
Richland County
Richland Parish
Richmond
Richmond County
Richmond Hill
Richvale
Riddle
Ridgecrest
Ridgeley
Ridgely
Ridgemark
Ridgeway
Ridgway
Ridings Mill
Rienzi
Rigby
Rikers Island
Riley County
Rincon Hill
Ringgold County
Rio
Rio Arriba County
Rio Blanco County
Rio del Mar
Rio Dell
Rio Grande
Rio Grande City
Rio Grande County
Rio Linda
Rio Oso
Rio Vista
Ripley
Ripley County
Ripon
Rison
Ritchie County
River Pines
Riverbank
Riverdale
Riverdale Park
Riverhead
Riverside
Riverside County
Riverton
Rives
Roane County
Roanoke
Roanoke County
Robbins
Robbinsville
Robert Lee
Roberts County
Robertson County
Robeson County
Robinson
Robinson Mill
Roby
Rochester
Rochford
Rock County
Rock Island
Rock Island County
Rock Rapids
Rockaway
Rockbridge
Rockbridge County
Rockcastle
Rockcastle County
Rockdale
Rockdale County
Rockford
Rockingham
Rockingham County
Rockland
Rockland County
Rockledge
Rocklin
Rockport
Rocksprings
Rockville
Rockwall
Rockwall County
Rocky
Rocky Mount
Rodeo
Rodriguez Camp
Roff
Roger Mills County
Rogers
Rogers City
Rogers County
Rogerson
Rogersville
Rogue River
Rohnert Park
Rolette County
Rolla
Rolling Fork
Rolling Hills
Rolling Hills Estates
Rollingwood
Rollins
Romney
Romoland
Rooks County
Roosevelt County
Root
Rosamond
Roscommon
Roscommon County
Rose Hill
Rose Hills
Roseau
Roseau County
Rosebud
Rosebud County
Rosedale
Roseland
Rosemead
Rosemont
Rosemount
Roseville
Rosewell
Rosewood
Roslyn
Ross
Ross County
Rossmoor
Roswell
Rothbury
Roubaix
Rough and Ready
Round Hill Village
Round Mountain
Round Oak
Round Valley
Roundup
Rouse
Routt County
Rowan County
Rowena
Rowland Heights
Rowley
Roxboro
Roxbury
Roy
Royal Oak
Royston
Ruby
Ruch
Rucker
Rudd
Rugby
Ruhenstroth
Rumney
Rumsey
Runnels County
Running Springs
Runnymede
Rupert
Rush
Rush County
Rushville
Rusk
Rusk County
Ruso
Russell
Russell County
Russellville
Russian Hill
Ruston
Ruth
Rutherford
Rutherford County
Rutherfordton
Rutland
Rutland County
Rutledge
Ryan
Ryder
Rye
Ryegate
Sabine County
Sabine Parish
Sac City
Sac County
Sachse
Saco
Sacramento
Sacramento County
Sacramento River
Safford
Sagadahoc County
Saginaw
Saginaw County
Saguache
Saguache County
Saint Helena
Saint John
Saint Louis
Saint Louis County
Saint Paul
Saint Petersburg
Salem
Salem County
Salida
Salina
Salinas
Saline County
Salisbury
Sallisaw
Salmon
Salmon Creek
Salmon River
Salt Lake City
Salt Lake County
Salton City
Salton Sea Beach
Saluda
Saluda County
Salyersville
Sammamish
Samoa
Sampson County
San Andreas
San Angelo
San Anselmo
San Antonio
San Antonio Heights
San Ardo
San Augustine
San Augustine County
San Benito
San Benito County
San Bernardino
San Bernardino County
San Bruno
San Carlos
San Clemente
San Diego
San Diego Country Estates
San Diego County
San Dimas
San Fernando
San Fernando Valley
San Francisco
San Gabriel
San Gabriel Mountains
San Geronimo
San Jacinto
San Jacinto County
San Joaquin
San Joaquin County
San Jose
San José
San Juan Bautista
San Juan Capistrano
San Juan County
San Juan Islands
San Leandro
San Lorenzo
San Lucas
San Luis
San Luis Obispo
San Luis Obispo County
San Marcos
San Marino
San Martin
San Mateo
San Mateo County
San Miguel
San Miguel County
San Pablo
San Pasqual
San Patricio
San Patricio County
San Pedro
San Rafael
San Ramon
San Saba
San Saba County
San Simeon
Sanborn County
Sand City
Sanders County
Sanderson
Sandoval
Sandoval County
Sandpoint
Sandusky
Sandusky County
Sandusky South
Sandwich
Sandy Hook
Sandy Spring
Sandy Springs
Sandy Valley
Sanford
Sangamon County
Sanger
Sanilac County
Sanpete County
Santa Ana
Santa Barbara
Santa Barbara County
Santa Clara
Santa Clara County
Santa Clarita
Santa Claus
Santa Cruz
Santa Cruz County
Santa Fe
Santa Fe County
Santa Fe Springs
Santa Margarita
Santa Maria
Santa Monica
Santa Monica Mountains
Santa Nella
Santa Paula
Santa Rosa
Santa Rosa County
Santa Rosa Valley
Santa Susana
Santa Venetia
Santa Ynez
Santee
Sapulpa
Sarah
Saranap
Sarasota
Sarasota County
Saratoga
Saratoga County
Sardinia
Sardis
Sargent
Sargent County
Sarita
Sarpy County
Sarton
Saticoy
Sattley
Saugus
Sauk County
Sault Ste. Marie
Saunders County
Sausal
Sausalito
Savage
Savannah
Savannah River
Sawyer
Sawyer County
Saxis
Sayre
Sayreville
Scales
Scandia
Schaghticoke
Schenectady
Schenectady County
Schleicher County
Schley
Schley County
Schoharie
Schoharie County
Schoolcraft County
Schurz
Schuyler
Schuyler County
Schuylkill
Schuylkill County
Sciota
Scioto County
Scobey
Scotia
Scotland County
Scott
Scott City
Scott County
Scotts Bluff County
Scotts Valley
Scottsburg
Scottsdale
Scranton
Screven
Screven County
Scurry
Scurry County
Sea Ranch
Seacliff
Seadrift
Seafield
Seaford
Seaforth
Seal Beach
Seal Cove
Seals
Searchlight
Searcy
Searcy County
Searles Valley
Seaside
Seaton
Seattle
Sebago Lake
Sebastian County
Sebastopol
Sebec
Sebring
Secretary
Sedalia
Sedan
Sedgefield
Sedgwick County
Seeley
Seguin
Selby
Seldovia
Self
Selma
Selmer
Selz
Seminole
Seminole County
Senatobia
Seneca
Seneca County
Sentinel
Sepulveda
Sequatchie
Sequatchie County
Sequoia Crest
Sequoyah County
Sereno del Mar
Serpentine
Severn
Sevier
Sevier County
Seville
Seward
Seward County
Seymour
Shackelford
Shackelford County
Shadow Hills
Shadwell
Shady Cove
Shafter
Shakopee
Shandon
Shannon County
Sharkey County
Sharon
Sharon Springs
Sharp County
Sharpe
Sharples
Shasta
Shasta County
Shasta Lake
Shaver Lake
Shaw
Shawano
Shawano County
Shawnee
Shawnee County
Shawneetown
Sheboygan
Sheboygan County
Shelbina
Shelby
Shelby County
Shelbyville
Sheldon
Shell Lake
Shell Ridge
Shelley
Shelter Cove
Shelton
Shenandoah
Shenandoah County
Shepherdsville
Shepley
Sherburn
Sherburne County
Sheridan
Sheridan County
Sherman
Sherman County
Sherman Oaks
Sherrill
Sherwood
Sherwood Park
Sheyenne
Shiawassee County
Shingle Springs
Shingletown
Shirland
Shirley
Shoreham
Shoshone
Shoshone County
Shreveport
Shrewsbury
Sibley
Sibley County
Sidney
Sierra Blanca
Sierra Brooks
Sierra City
Sierra County
Sierra Madre
Sierra Village
Sierraville
Signal Hill
Sigourney
Siletz
Silicon Alley
Silicon Forest
Silver Bow
Silver Bow County
Silver City
Silver Lake
Silver Lakes
Silver Peak
Silver Springs
Silverado Resort
Silverdale
Silverstone
Silverton
Silvis
Simi Valley
Simpson County
Simpsonville
Sinclair
Sinton
Sioux City
Sioux County
Sioux Falls
Siren
Siskiyou County
Sisquoc
Sisseton
Skagit
Skagit County
Skagway
Skamania
Skamania County
Skidmore
Skowhegan
Sky Valley
Skyland
Slater
Slaughter
Slayton
Sleepy Hollow
Slope County
Smartsville
Smethport
Smiley
Smith
Smith Center
Smith Corner
Smith County
Smith River
Smith Valley
Smithers
Smithfield
Smyrna
Smyth County
Snake
Snelling
Snider
Snohomish County
Snyder
Snyder County
Socorro
Socorro County
Soda Bay
Soda Springs
SoDo
SoHa
Soho
SoHo
Solana Beach
Solano County
Soldier
Soldotna
Soledad
Solen
Solis
Solon
Solvang
Solway
Somerset
Somerset County
Somervell County
Somerville
Sonoma
Sonoma County
Sonora
Soperton
Sophia
Soquel
Soulsbyville
Souris
South Acton
South Bay
South Bend
South Brunswick
South Carolina
South China
South Dakota
South Dos Palos
South El Monte
South Florida
South Gate
South Hampton
South Lake Tahoe
South Monrovia Island
South of Market
South Oroville
South Pasadena
South River
South San Francisco
South San Gabriel
South San Jose Hills
South Taft
South Whittier
South Yuba City
Southampton County
Southbridge
Southern Tier
Southfields
Southport
Space Coast
Spalding County
Spanish Springs
Sparks
Sparta
Spartanburg
Spartanburg County
Spaulding
Spearfish
Spearman
Speedway
Spencer
Spencer County
Spielman
Spink County
Spirit Lake
Spokane
Spokane County
Spooner
Spotsylvania County
Spotsylvania Courthouse
Spreckels
Spring Creek
Spring Garden
Spring Valley
Spring Valley Lake
Springbrook
Springer
Springfield
Springview
Springville
Springwater
Squaw Valley
Squirrel Mountain Valley
St. Augustine
St. Bernard Parish
St. Charles
St. Charles County
St. Charles Parish
St. Clair
St. Clair County
St. Clairsville
St. Cloud
St. Croix County
St. Francis
St. Francis County
St. Francisville
St. Francois County
St. George
St. Helena Parish
St. Helens
St. Ignace
St. James
St. James Parish
St. John
St. John the Baptist Parish
St. Johns
St. Johns County
St. Johnsbury
St. Joseph
St. Joseph County
St. Landry Parish
St. Lawrence County
St. Lucie County
St. Maries
St. Martin Parish
St. Martinville
St. Mary Parish
St. Marys
St. Mary's County
St. Paul
St. Peter
St. Petersburg
St. Tammany Parish
Stafford
Stafford County
Stagecoach
Stallion Springs
Stamford
Standish
Stanford
Stanhope
Stanislaus County
Stanley
Stanley County
Stanly County
Stanton
Stanton County
Staplehurst
Stapleton
Star
Star City
Stark
Stark County
Starke
Starke County
Starkey
Starkville
Starr
Starr County
Stateline
Staten Island
Statenville
Statesboro
Statesville
Staunton
Ste. Genevieve
Ste. Genevieve County
Steamboat Springs
Stearns
Stearns County
Steele
Steele County
Stella
Stephan
Stephens County
Stephenson County
Stephenville
Sterling
Sterling City
Sterling County
Steuben
Steuben County
Stevens County
Stevens Point
Stevenson
Stevenson Ranch
Stevinson
Stewardson
Stewart County
Stickney
Stigler
Stillwater
Stillwater County
Stilwell
Stinnett
Stinson Beach
Stirling City
Stockton
Stockville
Stoddard County
Stokes County
Stone
Stone County
Stone Mountain
Stonegate
Stonehaven
Stonewall
Stonewall County
Stonington
Stonyford
Storey County
Storm Lake
Storrie
Storrs
Story
Story City
Story County
Stow
Stowe
Strafford
Strafford County
Strasburg
Stratford
Strathmore
Strawberry
Strawberry Hill
Streeter
Stroud
Stuart
Studio City
Studley
Sturgeon Bay
Sturgis
Stutsman County
Stuttgart
Sublette
Sublette County
Success
Sudbury
Suffolk County
Sugar Creek
Sugar Land
Sugarloaf Mountain Park
Sugarloaf Saw Mill
Sugarloaf Village
Suisun City
Sullivan
Sullivan County
Sully County
Sulphur
Sulphur Springs
Sultan
Sultana
Summerland
Summerlin
Summerlin South
Summers County
Summersville
Summerville
Summit County
Sumner
Sumner County
Sumter
Sumter County
Sun Valley
Sun Village
Sunbeam
Sunbury
Sundance
Sunflower County
Sunny Slopes
Sunnyside
Sunnyside-Tahoe City
Sunnyslope
Sunnyvale
Sunol
Sunrise Manor
Superior
Surf City
Surrey
Surry
Surry County
Susanville
Susquehanna
Susquehanna County
Sussex
Sussex County
Sutcliffe
Sutter
Sutter County
Sutter Creek
Sutton
Sutton County
Suttons Bay
Suwannee
Suwannee County
Swain County
Swainsboro
Swall Meadows
Swan Quarter
Swanville
Swea City
Swedesburg
Sweet Grass County
Sweetwater
Sweetwater County
Swift County
Swisher County
Switzerland County
Sylmar
Sylva
Sylvania
Sylvester
Syracuse
Tacoma
Taconic
Taft
Taft Heights
Taft Mosswood
Tahlequah
Tahoe Vista
Tahoka
Tahoma
Taiga
Taiya
Takilma
Talbot County
Talbotton
Talent
Taliaferro County
Talladega
Talladega County
Tallahassee
Tallahatchie County
Tallapoosa
Tallapoosa County
Tallulah
Talmage
Taloga
Tama County
Tamalpais-Homestead Valley
Tamms
Tampa
Tampa Bay
Tanana
Taney County
Tangipahoa Parish
Taos
Taos County
Tappahannock
Tappen
Tar Heel
Tara Hills
Tarboro
Tarpey Village
Tarrant
Tarrant County
Tarzana
Tate County
Tattnall County
Tatum
Taunton
Tavares
Tawas City
Taylor
Taylor County
Taylors
Taylorsville
Taylorville
Tazewell
Tazewell County
Tazlina
Tea
Teaneck
Tecopa
Tecumseh
Teec Nos Pos
Teges
Tehachapi
Tehama
Tehama County
Tekamah
Telegraph Hill
Telfair County
Teller
Teller County
Telluride
Temecula
Temelec
Temescal Valley
Tempe
Temple
Temple City
Templeton
Tenderloin
Tennant
Tennessee
Tensas Parish
Terminous
Terra Bella
Terre Haute
Terrebonne Parish
Terrell County
Terry
Terry County
Teton
Teton County
Teviston
Texarkana
Texas
Texas County
Thames
Thayer County
The Dalles
the Rock
The Villages
Thedford
Theodosia
Thermal
Thermalito
Thermopolis
Thibodaux
Thief River Falls
Thomas
Thomas County
Thomaston
Thomasville
Thompson
Thompson Falls
Thompsonville
Thomson
Thorne
Thornhill
Thornton
Thorp
Thorsby
Thousand Oaks
Thousand Palms
Three Rivers
Three Rocks
Throckmorton
Throckmorton County
Thunder Bay
Thurston County
Tiburon
Tierra Amarilla
Tiffin
Tift County
Tifton
Tiger
Tigerville
Tightwad
Tilden
Tillamook
Tillamook County
Tillman County
Timber Cove
Timber Lake
Timothy
Tina
Tingley
Tinseltown
Tinsley
Tioga
Tioga County
Tionesta
Tippah County
Tippecanoe County
Tipton
Tipton County
Tisbury
Tishomingo
Tishomingo County
Titus County
Titusville
Tobin
Toccoa
Toccopola
Todd
Todd County
Tok
Toledo
Tolland
Tolland County
Tolna
Toluca Lake
Tom Green County
Tomales
Tombigbee
Tombstone
Tompkins County
Toms River
Tonasket
Tonopah
Tonyville
Tooele
Tooele County
Toole County
Toolesboro
Tooleville
Toombs County
Topanga
Topaz
Topaz Lake
Topaz Ranch Estates
Topeka
Topsail Beach
Topsham
Toro Canyon
Toronto
Torrance
Torrance County
Torrey
Torrington
Toulon
Towanda
Tower Hill
Towner
Towner County
Towns County
Townsend
Townsville
Towson
Tracy
Tracyton
Trail
Traill County
Tranquility
Tranquillity
Transylvania County
Trappe
Travelers Rest
Traver
Traverse City
Traverse County
Travis County
Treasure County
Trego County
Trempealeau
Trempealeau County
Trenton
Tres Pinos
Treutlen County
Tribeca
Tribune
Trigg County
Trimble County
Trinidad
Trinity
Trinity Center
Trinity County
Trinity Village
Tripoli
Tripp
Tripp County
Trona
Troup County
Trousdale County
Trout River
Trowbridge
Troy
Truckee
Trumbull
Trumbull County
Truro
Truth or Consequences
Tryon
Tucker County
Tucson
Tucumcari
Tukwila
Tulare
Tulare County
Tularosa
Tulelake
Tulia
Tulsa
Tulsa County
Tunica
Tunica County
Tunkhannock
Tuolumne City
Tuolumne County
Tupelo
Tupman
Turlock
Turner County
Turtle River
Turton
Tuscaloosa
Tuscaloosa County
Tuscarawas
Tuscarawas County
Tuscarora
Tuscola
Tuscola County
Tuscumbia
Tuskegee
Tustin
Tuttle
Tuttletown
Twain
Twain Harte
Twentynine Palms
Twickenham
Twiggs
Twiggs County
Twin Cities
Twin Falls
Twin Falls County
Twin Lakes
Twisp
Two Rivers
Tyler
Tyler County
Tyler Hill
Tylertown
Tyndall
Tyrone
Tyrrell County
Ualapue
Ucon
Uffington
Uinta County
Uintah
Uintah County
Ukiah
Ulster County
Ulysses
Umatilla
Umatilla County
Underwood
Unicoi
Unicoi County
Union
Union City
Union County
Union Parish
Union Springs
Union Square
Unionville
Unity
University of California-Davis
Upham
Upland
Upper Lake
Upper Market
Upper Marlboro
Upper Peninsula
Upper Sandusky
Upshur County
Upson County
Upton County
Urbana
Ursine
Utah
Utah County
Ute Park
Utica
Uvalde
Uvalde County
Vacationland
Vacaville
Vail
Val Verde
Val Verde County
Valdez
Valdosta
Vale
Valencia
Valencia County
Valentine
Valinda
Valle Vista
Vallecito
Vallejo
Valley
Valley Acres
Valley Center
Valley City
Valley County
Valley Ford
Valley Glen
Valley Home
Valley of the Sun
Valley Ranch
Valley Springs
Valley Village
Valley Wells
Valmy
Valparaiso
Van Buren
Van Buren County
Van Horn
Van Nuys
Van Wert
Van Wert County
Van Wie
Van Zandt County
Vance County
Vanceburg
Vancouver
Vandalia
Vandenberg AFB
Vandenberg Village
Vanderburgh County
Vaucluse
Vauxhall
Vega
Velva
Venango
Venango County
Venice
Ventura
Ventura County
Venturia
Verden
Verdi
Vergennes
Vermilion County
Vermilion Parish
Vermillion
Vermillion County
Vermont
Vernal
Vernon
Vernon County
Vernon Parish
Vero Beach
Verona
Versailles
Veteran
Vevay
Viborg
Vicksburg
Victor
Victoria
Victoria County
Victorville
Vidalia
Vienna
View Park-Windsor Hills
Vigo County
Viking
Vilas
Vilas County
Villa Park
Ville Platte
Vina
Vincennes
Vincent
Vine Hill
Vineyard
Vinita
Vinton
Vinton County
Viola
Virden
Virgin
Virgin Valley
Virginia
Virginia Beach
Virginia City
Viroqua
Visalia
Vista
Vista Santa Rosa
Vitus
Volcano
Volin
Volo
Volta
Voltaire
Voluntown
Volusia
Volusia County
Vulcan
Waban
Wabash
Wabash County
Wabasha
Wabasha County
Wabaunsee
Wabaunsee County
Waco
Waddington
Wade Hampton
Wadena
Wadena County
Wadesboro
Wadley
Wadsworth
Wagoner
Wagoner County
Wahkiakum County
Wahoo
Waikiki
Waikoloa Village
Wailea
Wailuku
Waimalu
Wake County
WaKeeney
Wakefield
Wakulla
Wakulla County
Walcott
Walden
Waldo County
Waldorf
Waldron
Wales
Walhalla
Walker
Walker County
Walker Lake
Wall
Walla Walla
Walla Walla County
Wallace
Wallace County
Waller County
Wallingford
Wallington
Wallops Island
Wallowa
Wallowa County
Wallsend
Walnut
Walnut Creek
Walnut Grove
Walnut Park
Walnut Ridge
Walsenburg
Walsh County
Walterboro
Walters
Walthall
Walthall County
Waltham
Walton County
Walworth
Walworth County
Wantagh
Wapakoneta
Wapello
Wapello County
War
Ward County
Ware County
Wareham
Warfield
Warm Springs
Warman
Warner
Warner Center
Warner Robins
Warner Valley
Warren
Warren County
Warrenton
Warrenville
Warrick County
Warsaw
Warwick
Wasatch County
Wasco
Wasco County
Waseca
Waseca County
Washakie County
Washburn
Washburn County
Washington
Washington County
Washington D.C.
Washington Parish
Washington, D.C.
Washita
Washita County
Washoe County
Washoe Valley
Washtenaw County
Watauga
Watauga County
Water Valley
Waterbury
Waterford
Waterloo
Watertown
Watford City
Watha
Watkins Glen
Watkinsville
Watonga
Watonwan County
Watseka
Watsonville
Watt
Watton
Wauchula
Waukena
Waukesha
Waukesha County
Waukon
Waupaca
Waupaca County
Wausau
Waushara County
Wautoma
Waverly
Wawona
Waxahachie
Waycross
Wayne
Wayne County
Waynesboro
Waynesville
Weakley County
Weatherford
Weaver
Weaverville
Webb County
Weber
Weber County
Webster
Webster County
Webster Parish
Weed
Weedpatch
Weippe
Weirton
Weiser
Welch
Weld County
Weldon
Wellesley
Wellford
Wellington
Wells
Wells County
Wellsboro
Wellsburg
Welsh
Welton
Wenatchee
Wenden
Wendover
Wentworth
Weott
Wessington
Wessington Springs
West Athens
West Barnstable
West Baton Rouge Parish
West Bishop
West Branch
West Carroll Parish
West Carson
West Chester
West Covina
West Feliciana Parish
West Goshen
West Hills
West Hollywood
West Menlo Park
West Midtown
West Modesto
West Palm Beach
West Park
West Philadelphia
West Point
West Puente Valley
West Quincy
West Rancho Dominguez
West Sacramento
West Town
West Union
West Virginia
West Wendover
West Whittier-Los Nietos
Westbourne
Westbrook
Westchester
Westchester County
Westerly
Western
Westfield
Westhaven-Moonstone
Westlake
Westlake Village
Westley
Westminster
Westmont
Westmoreland
Westmoreland County
Westmorland
Weston
Weston County
Westphalia
Westport
Westwood
Wetmore
Wetumpka
Wetzel County
Wewoka
Wexford County
Weymouth
Wharton
Wharton County
Whatcom County
Whatley
Wheatland
Wheatland County
Wheatley
Wheaton
Wheeler
Wheeler County
Wheelerwood
Wheeling
Wheelock
Wheelwright
Whetstone
White
White City
White Cloud
White County
White Pine County
White Plains
White River
White Sulphur Springs
Whitehall
Whitehawk
Whitesburg
Whiteside County
Whiteville
Whitewater
Whitfield
Whitfield County
Whiting
Whitley City
Whitley County
Whitley Gardens
Whitman
Whitman County
Whitmore
Whitney
Whittier
Whitwell
Wibaux
Wibaux County
Wichita
Wichita County
Wichita Falls
Wickliffe
Wicomico County
Wiggins
Wightman
Wightmans Corner
Wightmans Grove
Wilbarger County
Wilber
Wilbraham
Wilburton
Wilcox County
Wilder
Wildomar
Wildwood
Wilford
Wilkerson
Wilkes County
Wilkes-Barre
Wilkesboro
Wilkin County
Wilkinson County
Will County
Willacy County
Willamette
Willard
Willards
Williams
Williams County
Williamsburg
Williamsburg County
Williamson
Williamson County
Williamsport
Willimantic
Willington
Willis
Williston
Willits
Willmar
Willow
Willow Creek
Willowbrook
Willows
Wilmington
Wilna
Wilson
Wilson County
Wilsonia
Wilsontown
Wilton
Wimer
Winchester
Winder
Windham
Windham County
Windom
Windsor
Windsor County
Windsor Locks
Winesburg
Winfield
Wing
Winkler County
Winn
Winn Parish
Winnebago
Winnebago County
Winnemucca
Winner
Winneshiek
Winneshiek County
Winnetka
Winnett
Winnfield
Winnipesaukee
Winnsboro
Winona
Winona County
Winooski
Winslow
Winston County
Winston-Salem
Winter
Winter Gardens
Winterhaven
Winters
Winterton
Winthrop
Winton
Wirt County
Wiscasset
Wisconsin
Wisconsin Rapids
Wise
Wise County
Wishkah
Wishram
Wisner
Woburn
Wofford Heights
Wolbach
Wolf Point
Wolfe County
Wolsey
Wood County
Woodacre
Woodbine
Woodbridge
Woodbury
Woodbury County
Woodcrest
Woodfin
Woodford
Woodford County
Woodgate
Woodlake
Woodland
Woodland Hills
Woodlands
Woodruff County
Woods County
Woodside
Woodson County
Woodstock
Woodston
Woodville
Woodward
Woodward County
Woolford
Woonsocket
Wooster
Worcester
Worcester County
Worland
Worth County
Worthing
Worthington
Wrangell
Wray
Wrens
Wright County
Wrightwood
Wyandot County
Wyandotte County
Wycombe
Wymore
Wyndham
Wynne
Wyodak
Wyoming
Wyoming County
Wythe County
Wytheville
Xenia
Yadkin
Yadkin County
Yadkinville
Yah-ta-hey
Yakima
Yakima County
Yakutat
Yalobusha County
Yamhill
Yamhill County
Yancey County
Yanceyville
Yankee Hill
Yankton
Yankton County
Yaquina
Yarbrough
Yarmouth
Yarrow
Yates Center
Yates County
Yavapai County
Yazoo City
Yazoo County
Yeadon
Yeager
Yell
Yell County
Yellow Medicine County
Yellowstone County
Yelverton
Yerington
Yettem
Yoakum County
Yolo
Yolo County
Yonkers
Yorba Linda
York
York County
Yorktown
Yorkville
Yosemite
Yosemite Lakes
Yosemite Valley
Young
Young County
Youngstown
Yountville
Ypsilanti
Yreka
Yuba
Yuba City
Yuba County
Yucaipa
Yucca Valley
Yukon
Yuma
Yuma County
Yutan
Zanesville
Zap
Zapata
Zapata County
Zavala County
Zayante
Zeeland
Zephyr Cove
Ziebach County
Zigzag
Zim
Zona
Zwingle
Zzyzx
